{
  "type": "FeatureCollection",
  "generator": "overpass-turbo",
  "copyright": "The data included in this document is from www.openstreetmap.org. The data is made available under ODbL.",
  "timestamp": "2026-08-08T20:21:06Z",
  "features": [
    {
      "type": "Feature",
      "properties": {
        "@id": "relation/8408433",
        "name": "Atlanta Beltline Trail",
        "network": "lcn",
        "ref": "BELT",
        "route": "bicycle",
        "type": "route"
      },
      "geometry": {
        "type": "MultiLineString",
        "coordinates": [
          [
            [
              -84.4103266,
              33.795239
            ],
            [
              -84.4100999,
              33.795448
            ],
            [
              -84.4100295,
              33.7955224
            ],
            [
              -84.4099732,
              33.795578
            ],
            [
              -84.4099157,
              33.7956285
            ],
            [
              -84.4098453,
              33.7956807
            ],
            [
              -84.4098178,
              33.795702
            ],
            [
              -84.4097741,
              33.7957083
            ],
            [
              -84.4096868,
              33.795709
            ],
            [
              -84.4095883,
              33.7957046
            ],
            [
              -84.4095363,
              33.7956984
            ],
            [
              -84.4094635,
              33.7956736
            ],
            [
              -84.4093624,
              33.795654
            ],
            [
              -84.4084205,
              33.7956505
            ],
            [
              -84.4083784,
              33.7956618
            ],
            [
              -84.4083485,
              33.7956745
            ],
            [
              -84.4083006,
              33.7956758
            ],
            [
              -84.4082837,
              33.7956761
            ],
            [
              -84.4082715,
              33.7956864
            ],
            [
              -84.4082715,
              33.7957087
            ],
            [
              -84.4082721,
              33.7960884
            ]
          ],
          [
            [
              -84.4270471,
              33.792385
            ],
            [
              -84.4269535,
              33.7923786
            ],
            [
              -84.4268458,
              33.7923712
            ],
            [
              -84.4263577,
              33.7923622
            ],
            [
              -84.426304,
              33.7924247
            ],
            [
              -84.4262021,
              33.7924915
            ],
            [
              -84.4260948,
              33.792545
            ],
            [
              -84.4255959,
              33.792545
            ],
            [
              -84.4253652,
              33.7925673
            ],
            [
              -84.4251614,
              33.7925629
            ],
            [
              -84.4248127,
              33.7924425
            ],
            [
              -84.4244372,
              33.7923533
            ],
            [
              -84.4238417,
              33.7924068
            ],
            [
              -84.4232409,
              33.7923801
            ],
            [
              -84.4227742,
              33.7923979
            ],
            [
              -84.4222163,
              33.7924826
            ],
            [
              -84.422109,
              33.7924777
            ],
            [
              -84.4218891,
              33.7924737
            ],
            [
              -84.4217067,
              33.792389
            ],
            [
              -84.4215565,
              33.7922597
            ],
            [
              -84.4214643,
              33.7922556
            ],
            [
              -84.4214546,
              33.7922552
            ],
            [
              -84.4213526,
              33.7923087
            ],
            [
              -84.4212346,
              33.7924603
            ],
            [
              -84.4210737,
              33.7925094
            ],
            [
              -84.420945,
              33.7924603
            ],
            [
              -84.4208967,
              33.7923355
            ],
            [
              -84.4207411,
              33.7922017
            ],
            [
              -84.4206038,
              33.7921732
            ]
          ],
          [
            [
              -84.4280369,
              33.7862574
            ],
            [
              -84.4280353,
              33.7862265
            ],
            [
              -84.4279953,
              33.7861475
            ],
            [
              -84.4279882,
              33.7860106
            ],
            [
              -84.4279836,
              33.7859667
            ],
            [
              -84.4279644,
              33.7859292
            ],
            [
              -84.4279056,
              33.7858504
            ],
            [
              -84.4278861,
              33.7857093
            ],
            [
              -84.4278711,
              33.7856006
            ],
            [
              -84.4278792,
              33.7853253
            ],
            [
              -84.4279057,
              33.7851665
            ],
            [
              -84.4279666,
              33.7849536
            ],
            [
              -84.4280114,
              33.7848471
            ],
            [
              -84.4280805,
              33.7846985
            ],
            [
              -84.4281963,
              33.7845177
            ],
            [
              -84.4284159,
              33.7842305
            ],
            [
              -84.4290225,
              33.7836196
            ],
            [
              -84.4290786,
              33.7835631
            ],
            [
              -84.4291436,
              33.783504
            ],
            [
              -84.42929,
              33.7833486
            ],
            [
              -84.4294058,
              33.783205
            ],
            [
              -84.4295115,
              33.7830462
            ],
            [
              -84.4296254,
              33.7828417
            ],
            [
              -84.4297046,
              33.7826491
            ],
            [
              -84.4297275,
              33.7825688
            ],
            [
              -84.4297595,
              33.7824565
            ],
            [
              -84.42979,
              33.7822521
            ],
            [
              -84.4298144,
              33.7820527
            ],
            [
              -84.4298205,
              33.7816827
            ],
            [
              -84.4298144,
              33.7814749
            ],
            [
              -84.4298102,
              33.7814374
            ],
            [
              -84.4298022,
              33.7813668
            ],
            [
              -84.4297636,
              33.781159
            ],
            [
              -84.4297046,
              33.7809782
            ],
            [
              -84.429601,
              33.7807585
            ],
            [
              -84.4294627,
              33.7805254
            ],
            [
              -84.4293042,
              33.7803378
            ],
            [
              -84.4291558,
              33.7801841
            ],
            [
              -84.4288631,
              33.7799492
            ],
            [
              -84.4288123,
              33.779848
            ],
            [
              -84.4287466,
              33.7798053
            ],
            [
              -84.4286944,
              33.7797752
            ],
            [
              -84.4285887,
              33.7797397
            ],
            [
              -84.4284562,
              33.7796324
            ],
            [
              -84.4277126,
              33.7790301
            ],
            [
              -84.4274422,
              33.7787902
            ],
            [
              -84.4271251,
              33.7784506
            ],
            [
              -84.4267043,
              33.7779082
            ],
            [
              -84.4265783,
              33.77767
            ],
            [
              -84.4264502,
              33.7774317
            ],
            [
              -84.4262917,
              33.7770245
            ],
            [
              -84.426221,
              33.776749
            ],
            [
              -84.4261677,
              33.7765413
            ],
            [
              -84.4261352,
              33.7763825
            ],
            [
              -84.4261169,
              33.7761932
            ],
            [
              -84.4261148,
              33.7760057
            ],
            [
              -84.426123,
              33.7757455
            ],
            [
              -84.4261391,
              33.7756665
            ],
            [
              -84.4261656,
              33.7756458
            ],
            [
              -84.4262693,
              33.7756086
            ],
            [
              -84.4263608,
              33.7755647
            ],
            [
              -84.4264238,
              33.775514
            ],
            [
              -84.4264604,
              33.7754549
            ],
            [
              -84.4264746,
              33.7754143
            ],
            [
              -84.4264767,
              33.7753552
            ],
            [
              -84.426436,
              33.7750781
            ],
            [
              -84.4264136,
              33.7749682
            ],
            [
              -84.4263934,
              33.7749032
            ],
            [
              -84.4263645,
              33.7748567
            ],
            [
              -84.426297,
              33.77479
            ],
            [
              -84.4262112,
              33.7746959
            ],
            [
              -84.4258793,
              33.7745006
            ],
            [
              -84.4258273,
              33.7744657
            ],
            [
              -84.4257722,
              33.7744395
            ],
            [
              -84.4256757,
              33.7744053
            ],
            [
              -84.425606,
              33.774389
            ],
            [
              -84.4254519,
              33.7743571
            ],
            [
              -84.4253086,
              33.774343
            ],
            [
              -84.4251506,
              33.774334
            ],
            [
              -84.4250376,
              33.7743385
            ],
            [
              -84.4249376,
              33.774346
            ],
            [
              -84.4248466,
              33.77436
            ],
            [
              -84.424203,
              33.7744439
            ],
            [
              -84.4238987,
              33.7744793
            ],
            [
              -84.4238102,
              33.7744745
            ],
            [
              -84.4237324,
              33.7744519
            ],
            [
              -84.4236681,
              33.7744267
            ],
            [
              -84.4236049,
              33.7743842
            ],
            [
              -84.4235594,
              33.7743537
            ],
            [
              -84.4234971,
              33.7742584
            ],
            [
              -84.4233749,
              33.7740795
            ],
            [
              -84.4233568,
              33.7739966
            ],
            [
              -84.4233584,
              33.7738717
            ],
            [
              -84.4234651,
              33.7735996
            ],
            [
              -84.4235677,
              33.7734196
            ],
            [
              -84.423621,
              33.773276
            ],
            [
              -84.4237539,
              33.7729686
            ],
            [
              -84.4238064,
              33.7728108
            ],
            [
              -84.423813,
              33.772791
            ],
            [
              -84.4238227,
              33.7727446
            ],
            [
              -84.423848,
              33.772624
            ],
            [
              -84.423866,
              33.772426
            ],
            [
              -84.423872,
              33.772253
            ],
            [
              -84.423864,
              33.7721
            ],
            [
              -84.423803,
              33.771702
            ],
            [
              -84.4237918,
              33.7716606
            ],
            [
              -84.423611,
              33.77099
            ],
            [
              -84.4233215,
              33.7700363
            ],
            [
              -84.423156,
              33.7694911
            ],
            [
              -84.423091,
              33.769277
            ],
            [
              -84.423013,
              33.769005
            ],
            [
              -84.4229541,
              33.7688006
            ],
            [
              -84.422928,
              33.76871
            ],
            [
              -84.422901,
              33.7685932
            ],
            [
              -84.4228547,
              33.7682512
            ],
            [
              -84.422834,
              33.768026
            ],
            [
              -84.4228359,
              33.7678365
            ],
            [
              -84.4228492,
              33.767679
            ],
            [
              -84.4228792,
              33.7675342
            ],
            [
              -84.422927,
              33.767366
            ],
            [
              -84.422969,
              33.7672572
            ],
            [
              -84.4230082,
              33.7671552
            ],
            [
              -84.4230437,
              33.7670729
            ],
            [
              -84.4230831,
              33.7670076
            ],
            [
              -84.423123,
              33.7669315
            ],
            [
              -84.423271,
              33.7667091
            ],
            [
              -84.4233779,
              33.7665792
            ],
            [
              -84.4234878,
              33.7664549
            ],
            [
              -84.4235312,
              33.7664106
            ],
            [
              -84.4236061,
              33.7663355
            ],
            [
              -84.4237188,
              33.7662386
            ],
            [
              -84.4238005,
              33.766165
            ],
            [
              -84.4239255,
              33.7660656
            ],
            [
              -84.424082,
              33.765975
            ],
            [
              -84.4243308,
              33.7658696
            ],
            [
              -84.4244287,
              33.7658242
            ],
            [
              -84.4245083,
              33.7657778
            ],
            [
              -84.4245838,
              33.7657145
            ],
            [
              -84.4246438,
              33.7656307
            ],
            [
              -84.4246844,
              33.7655405
            ],
            [
              -84.4247038,
              33.7654593
            ],
            [
              -84.4247082,
              33.7653821
            ],
            [
              -84.4246943,
              33.7653039
            ],
            [
              -84.4246698,
              33.7652345
            ],
            [
              -84.4245444,
              33.76497
            ],
            [
              -84.4245016,
              33.7648718
            ],
            [
              -84.4244651,
              33.7647615
            ],
            [
              -84.4244429,
              33.7646381
            ],
            [
              -84.4244348,
              33.7645251
            ],
            [
              -84.4244445,
              33.7642443
            ],
            [
              -84.4244393,
              33.7641565
            ],
            [
              -84.4243852,
              33.7638128
            ],
            [
              -84.4243615,
              33.7637519
            ],
            [
              -84.4243237,
              33.763703
            ],
            [
              -84.4242542,
              33.7636451
            ],
            [
              -84.4241963,
              33.7636128
            ],
            [
              -84.4241293,
              33.7635965
            ],
            [
              -84.4240507,
              33.7635923
            ],
            [
              -84.4240492,
              33.7635732
            ],
            [
              -84.423959,
              33.7635742
            ],
            [
              -84.4239506,
              33.7634988
            ],
            [
              -84.4239443,
              33.7634416
            ],
            [
              -84.4239782,
              33.763432
            ],
            [
              -84.4240363,
              33.7634114
            ],
            [
              -84.424009,
              33.763191
            ],
            [
              -84.423915,
              33.762776
            ],
            [
              -84.4238888,
              33.7625831
            ],
            [
              -84.423881,
              33.7625258
            ],
            [
              -84.4237516,
              33.7617279
            ],
            [
              -84.4237463,
              33.7616782
            ],
            [
              -84.4237486,
              33.7616347
            ],
            [
              -84.4237594,
              33.761594
            ],
            [
              -84.4237857,
              33.7615414
            ],
            [
              -84.4238083,
              33.7615074
            ],
            [
              -84.4238227,
              33.7614719
            ],
            [
              -84.4238578,
              33.7612685
            ],
            [
              -84.4238632,
              33.7612246
            ],
            [
              -84.4238592,
              33.7611757
            ],
            [
              -84.4238508,
              33.7611311
            ],
            [
              -84.4238338,
              33.7610833
            ],
            [
              -84.4237576,
              33.7608855
            ],
            [
              -84.4235612,
              33.760391
            ],
            [
              -84.4235423,
              33.7603336
            ],
            [
              -84.4235359,
              33.7602625
            ],
            [
              -84.4235464,
              33.7602138
            ],
            [
              -84.4235713,
              33.7601512
            ],
            [
              -84.4236192,
              33.7600382
            ],
            [
              -84.4236347,
              33.7599558
            ],
            [
              -84.4236288,
              33.7598866
            ],
            [
              -84.4236044,
              33.7598102
            ],
            [
              -84.4233454,
              33.7592066
            ],
            [
              -84.4233327,
              33.7591661
            ],
            [
              -84.4233314,
              33.7591119
            ],
            [
              -84.423346,
              33.7590624
            ],
            [
              -84.4233696,
              33.7590153
            ],
            [
              -84.4234339,
              33.7589676
            ],
            [
              -84.4234686,
              33.7589522
            ],
            [
              -84.4234913,
              33.7589421
            ],
            [
              -84.423649,
              33.7588935
            ],
            [
              -84.4236587,
              33.7588905
            ],
            [
              -84.4237739,
              33.7588641
            ],
            [
              -84.4238798,
              33.7588504
            ],
            [
              -84.4239835,
              33.7588608
            ],
            [
              -84.4240621,
              33.7588847
            ],
            [
              -84.4241824,
              33.7589563
            ],
            [
              -84.4242358,
              33.7589783
            ],
            [
              -84.424293,
              33.7589869
            ],
            [
              -84.4243419,
              33.7589839
            ],
            [
              -84.4244099,
              33.7589714
            ],
            [
              -84.4244664,
              33.7589447
            ],
            [
              -84.4245149,
              33.7589027
            ],
            [
              -84.4245419,
              33.7588448
            ],
            [
              -84.4245463,
              33.7588288
            ],
            [
              -84.4247335,
              33.7581384
            ],
            [
              -84.4250399,
              33.7569723
            ],
            [
              -84.4250608,
              33.7569161
            ],
            [
              -84.4250856,
              33.7568691
            ],
            [
              -84.4251363,
              33.7568028
            ],
            [
              -84.4251617,
              33.7567649
            ],
            [
              -84.425188,
              33.7567123
            ],
            [
              -84.4252291,
              33.7565802
            ],
            [
              -84.4252901,
              33.7563875
            ],
            [
              -84.4254519,
              33.7558094
            ],
            [
              -84.4254564,
              33.7557932
            ],
            [
              -84.4254899,
              33.7555457
            ],
            [
              -84.4255087,
              33.7554375
            ],
            [
              -84.425981,
              33.7537093
            ],
            [
              -84.4259939,
              33.7536666
            ],
            [
              -84.4260706,
              33.7534127
            ],
            [
              -84.4263925,
              33.7521445
            ],
            [
              -84.4267171,
              33.751091
            ],
            [
              -84.4267849,
              33.7510149
            ],
            [
              -84.426897,
              33.7509541
            ],
            [
              -84.4271737,
              33.7507135
            ],
            [
              -84.4272442,
              33.750602
            ],
            [
              -84.4273084,
              33.7504185
            ],
            [
              -84.4273407,
              33.7502594
            ],
            [
              -84.4273836,
              33.7501462
            ],
            [
              -84.4274497,
              33.7500338
            ],
            [
              -84.4275759,
              33.7499063
            ],
            [
              -84.4277072,
              33.7497878
            ],
            [
              -84.4277742,
              33.7496814
            ],
            [
              -84.427861,
              33.7494632
            ],
            [
              -84.4278901,
              33.7493901
            ],
            [
              -84.4280327,
              33.7491617
            ],
            [
              -84.4282108,
              33.7489636
            ],
            [
              -84.4282792,
              33.7488823
            ],
            [
              -84.4284513,
              33.7487127
            ],
            [
              -84.4290285,
              33.7481953
            ],
            [
              -84.4291285,
              33.7481051
            ],
            [
              -84.4305013,
              33.7468678
            ],
            [
              -84.4305516,
              33.7468271
            ],
            [
              -84.4307791,
              33.74662
            ],
            [
              -84.431424,
              33.7460329
            ],
            [
              -84.432877,
              33.7447307
            ],
            [
              -84.4330063,
              33.7446138
            ],
            [
              -84.4331033,
              33.7445232
            ],
            [
              -84.4332726,
              33.7443645
            ],
            [
              -84.4334029,
              33.7442181
            ],
            [
              -84.433483,
              33.744112
            ],
            [
              -84.4335797,
              33.7439793
            ],
            [
              -84.4336939,
              33.7437823
            ],
            [
              -84.4337566,
              33.7436534
            ],
            [
              -84.4338054,
              33.7435173
            ],
            [
              -84.4338659,
              33.7433228
            ],
            [
              -84.4339204,
              33.7430534
            ],
            [
              -84.433962,
              33.7427446
            ],
            [
              -84.4340003,
              33.7424929
            ],
            [
              -84.4340057,
              33.7424391
            ],
            [
              -84.4340196,
              33.7423008
            ],
            [
              -84.4340232,
              33.7422653
            ],
            [
              -84.4340341,
              33.7420709
            ],
            [
              -84.4340438,
              33.7417229
            ],
            [
              -84.4340569,
              33.7410047
            ],
            [
              -84.4340609,
              33.7408166
            ],
            [
              -84.4340514,
              33.7406389
            ],
            [
              -84.434009,
              33.7404004
            ],
            [
              -84.4339652,
              33.7402224
            ],
            [
              -84.4339222,
              33.7400897
            ],
            [
              -84.4338662,
              33.7399555
            ],
            [
              -84.433795,
              33.7398174
            ],
            [
              -84.4337332,
              33.7397055
            ],
            [
              -84.4336214,
              33.7395387
            ],
            [
              -84.4334879,
              33.7393761
            ],
            [
              -84.4332466,
              33.7391125
            ],
            [
              -84.4329939,
              33.7389031
            ],
            [
              -84.4329223,
              33.7388389
            ],
            [
              -84.4327016,
              33.7386322
            ],
            [
              -84.4323637,
              33.7383857
            ],
            [
              -84.4321722,
              33.7382001
            ],
            [
              -84.4318463,
              33.7378091
            ],
            [
              -84.4317931,
              33.7377817
            ],
            [
              -84.4317318,
              33.7377582
            ],
            [
              -84.4316787,
              33.7377551
            ],
            [
              -84.4316148,
              33.7377592
            ],
            [
              -84.4315551,
              33.7377748
            ],
            [
              -84.4315043,
              33.7377991
            ],
            [
              -84.4314599,
              33.7378271
            ],
            [
              -84.4313938,
              33.7378975
            ],
            [
              -84.4313269,
              33.7379742
            ],
            [
              -84.4312666,
              33.7380478
            ],
            [
              -84.4312271,
              33.738096
            ],
            [
              -84.4311833,
              33.7381408
            ]
          ],
          [
            [
              -84.428039,
              33.7864169
            ],
            [
              -84.4280387,
              33.7864408
            ],
            [
              -84.4279916,
              33.7865039
            ],
            [
              -84.4279744,
              33.7866138
            ],
            [
              -84.4281603,
              33.7875624
            ],
            [
              -84.4283581,
              33.788322
            ],
            [
              -84.4283686,
              33.7883443
            ],
            [
              -84.4283791,
              33.7883665
            ],
            [
              -84.4284252,
              33.7884777
            ],
            [
              -84.4284306,
              33.7885055
            ],
            [
              -84.428429,
              33.7885494
            ],
            [
              -84.4284492,
              33.7886504
            ],
            [
              -84.4284956,
              33.7888298
            ],
            [
              -84.4285861,
              33.7890712
            ],
            [
              -84.4286993,
              33.7892938
            ],
            [
              -84.4288728,
              33.7895979
            ],
            [
              -84.4290086,
              33.7898143
            ],
            [
              -84.4292878,
              33.7902782
            ],
            [
              -84.4294802,
              33.7905667
            ],
            [
              -84.4294437,
              33.7905975
            ],
            [
              -84.4293598,
              33.7906401
            ],
            [
              -84.4291708,
              33.7907798
            ],
            [
              -84.4283975,
              33.7911937
            ],
            [
              -84.4280731,
              33.7913912
            ],
            [
              -84.4277487,
              33.7916671
            ],
            [
              -84.4274884,
              33.7919523
            ],
            [
              -84.4273111,
              33.7922094
            ],
            [
              -84.4272696,
              33.7923003
            ],
            [
              -84.4271904,
              33.7923724
            ],
            [
              -84.4270471,
              33.792385
            ],
            [
              -84.4270617,
              33.7924502
            ],
            [
              -84.4270886,
              33.7925619
            ],
            [
              -84.4270998,
              33.7926585
            ],
            [
              -84.4271283,
              33.7927311
            ]
          ],
          [
            [
              -84.3686429,
              33.782184
            ],
            [
              -84.3688262,
              33.7824107
            ],
            [
              -84.3689979,
              33.782608
            ],
            [
              -84.3692954,
              33.7829673
            ],
            [
              -84.3695014,
              33.7832369
            ],
            [
              -84.3698313,
              33.783687
            ],
            [
              -84.3701463,
              33.7841439
            ],
            [
              -84.3702528,
              33.7843178
            ],
            [
              -84.3703474,
              33.7844905
            ],
            [
              -84.3703804,
              33.7845609
            ],
            [
              -84.3704305,
              33.7846735
            ],
            [
              -84.3705136,
              33.7848641
            ],
            [
              -84.3705847,
              33.7850492
            ],
            [
              -84.3706185,
              33.7851567
            ],
            [
              -84.3706877,
              33.7853792
            ],
            [
              -84.370731,
              33.7854831
            ],
            [
              -84.3707842,
              33.7855921
            ],
            [
              -84.3708572,
              33.7857543
            ],
            [
              -84.370897,
              33.7858655
            ],
            [
              -84.3709246,
              33.7859794
            ],
            [
              -84.3709343,
              33.7860665
            ],
            [
              -84.3709417,
              33.7861594
            ],
            [
              -84.3709527,
              33.7864732
            ],
            [
              -84.3709482,
              33.7866635
            ],
            [
              -84.3709225,
              33.7869569
            ],
            [
              -84.3709045,
              33.7870996
            ],
            [
              -84.3708936,
              33.7872241
            ],
            [
              -84.3708937,
              33.7873124
            ],
            [
              -84.3708982,
              33.787504
            ],
            [
              -84.3708948,
              33.7876718
            ],
            [
              -84.3708822,
              33.7878072
            ],
            [
              -84.3708537,
              33.7879927
            ],
            [
              -84.3708187,
              33.788204
            ],
            [
              -84.3707866,
              33.7883436
            ],
            [
              -84.3707579,
              33.7884665
            ],
            [
              -84.3707351,
              33.7885923
            ],
            [
              -84.3707112,
              33.7887511
            ],
            [
              -84.3706978,
              33.7888387
            ],
            [
              -84.3706779,
              33.7889315
            ],
            [
              -84.3706446,
              33.7890496
            ],
            [
              -84.3706206,
              33.7891244
            ],
            [
              -84.3706133,
              33.7891689
            ],
            [
              -84.370616,
              33.7892105
            ],
            [
              -84.3706289,
              33.7892506
            ],
            [
              -84.3706543,
              33.7892875
            ],
            [
              -84.3706879,
              33.7893215
            ],
            [
              -84.3707506,
              33.78935
            ],
            [
              -84.3708254,
              33.7893662
            ],
            [
              -84.3708681,
              33.7893668
            ],
            [
              -84.3709311,
              33.7893526
            ],
            [
              -84.3710034,
              33.7893225
            ],
            [
              -84.3710132,
              33.7893184
            ],
            [
              -84.3710405,
              33.7893102
            ],
            [
              -84.3710911,
              33.789307
            ],
            [
              -84.3711479,
              33.7893174
            ],
            [
              -84.3711756,
              33.7893302
            ],
            [
              -84.3712037,
              33.7893432
            ],
            [
              -84.3712426,
              33.789369
            ],
            [
              -84.3712565,
              33.789404
            ],
            [
              -84.3712571,
              33.7894175
            ],
            [
              -84.371258,
              33.7894386
            ],
            [
              -84.3712434,
              33.7894758
            ],
            [
              -84.3712121,
              33.7895857
            ],
            [
              -84.3711775,
              33.7897892
            ],
            [
              -84.3711544,
              33.7898873
            ],
            [
              -84.3711343,
              33.7899651
            ],
            [
              -84.3710751,
              33.7901048
            ],
            [
              -84.3710055,
              33.790253
            ],
            [
              -84.3709284,
              33.7904332
            ],
            [
              -84.3709,
              33.7905171
            ],
            [
              -84.3708351,
              33.7907387
            ],
            [
              -84.3708071,
              33.7908294
            ],
            [
              -84.3707726,
              33.7909061
            ],
            [
              -84.370706,
              33.79103
            ],
            [
              -84.3706816,
              33.7910906
            ],
            [
              -84.3706652,
              33.791157
            ],
            [
              -84.3706622,
              33.7912298
            ],
            [
              -84.3706639,
              33.791299
            ],
            [
              -84.3706802,
              33.7913885
            ],
            [
              -84.3707018,
              33.7914722
            ],
            [
              -84.3707359,
              33.7915555
            ],
            [
              -84.3707776,
              33.7916262
            ],
            [
              -84.370823,
              33.7916845
            ],
            [
              -84.370874,
              33.7917296
            ],
            [
              -84.3709308,
              33.7917669
            ],
            [
              -84.3709718,
              33.7917877
            ],
            [
              -84.3710286,
              33.7918181
            ],
            [
              -84.3710669,
              33.7918455
            ],
            [
              -84.3710969,
              33.7918757
            ],
            [
              -84.3711246,
              33.7919167
            ],
            [
              -84.3711498,
              33.791963
            ],
            [
              -84.3711896,
              33.7920412
            ],
            [
              -84.3712579,
              33.7921321
            ],
            [
              -84.3713702,
              33.7922481
            ],
            [
              -84.3714381,
              33.7923243
            ],
            [
              -84.3714746,
              33.7924218
            ],
            [
              -84.3714848,
              33.7925273
            ],
            [
              -84.3714677,
              33.7926268
            ],
            [
              -84.3714233,
              33.7927006
            ],
            [
              -84.3713611,
              33.7927726
            ],
            [
              -84.3711863,
              33.7928939
            ],
            [
              -84.3710299,
              33.7930176
            ],
            [
              -84.3709032,
              33.7931192
            ],
            [
              -84.3707716,
              33.7932523
            ],
            [
              -84.3706253,
              33.7934509
            ],
            [
              -84.3705271,
              33.7936028
            ],
            [
              -84.3704911,
              33.7936681
            ],
            [
              -84.3704665,
              33.7937011
            ],
            [
              -84.3704312,
              33.7937274
            ],
            [
              -84.3703887,
              33.7937433
            ],
            [
              -84.3703414,
              33.7937578
            ],
            [
              -84.3703887,
              33.7937433
            ],
            [
              -84.3704312,
              33.7937274
            ],
            [
              -84.3704665,
              33.7937011
            ],
            [
              -84.3704911,
              33.7936681
            ],
            [
              -84.3705271,
              33.7936028
            ],
            [
              -84.3706253,
              33.7934509
            ],
            [
              -84.3707716,
              33.7932523
            ],
            [
              -84.3709032,
              33.7931192
            ],
            [
              -84.3710299,
              33.7930176
            ],
            [
              -84.3711863,
              33.7928939
            ],
            [
              -84.3713611,
              33.7927726
            ],
            [
              -84.3714233,
              33.7927006
            ],
            [
              -84.3714677,
              33.7926268
            ],
            [
              -84.3714848,
              33.7925273
            ],
            [
              -84.3714746,
              33.7924218
            ],
            [
              -84.3714381,
              33.7923243
            ],
            [
              -84.3713702,
              33.7922481
            ],
            [
              -84.3712579,
              33.7921321
            ],
            [
              -84.3711896,
              33.7920412
            ],
            [
              -84.3711498,
              33.791963
            ],
            [
              -84.3711246,
              33.7919167
            ],
            [
              -84.3710969,
              33.7918757
            ],
            [
              -84.3710669,
              33.7918455
            ],
            [
              -84.3710286,
              33.7918181
            ],
            [
              -84.3709718,
              33.7917877
            ],
            [
              -84.3709308,
              33.7917669
            ],
            [
              -84.370874,
              33.7917296
            ],
            [
              -84.370823,
              33.7916845
            ],
            [
              -84.3707776,
              33.7916262
            ],
            [
              -84.3707359,
              33.7915555
            ],
            [
              -84.3707018,
              33.7914722
            ],
            [
              -84.3706802,
              33.7913885
            ],
            [
              -84.3706639,
              33.791299
            ],
            [
              -84.3706622,
              33.7912298
            ],
            [
              -84.3706652,
              33.791157
            ],
            [
              -84.3706816,
              33.7910906
            ],
            [
              -84.370706,
              33.79103
            ],
            [
              -84.3707726,
              33.7909061
            ],
            [
              -84.3708071,
              33.7908294
            ],
            [
              -84.3708351,
              33.7907387
            ],
            [
              -84.3709,
              33.7905171
            ],
            [
              -84.3709284,
              33.7904332
            ],
            [
              -84.3710055,
              33.790253
            ],
            [
              -84.3710751,
              33.7901048
            ],
            [
              -84.3711343,
              33.7899651
            ],
            [
              -84.3711544,
              33.7898873
            ],
            [
              -84.3711775,
              33.7897892
            ],
            [
              -84.3712121,
              33.7895857
            ],
            [
              -84.3712434,
              33.7894758
            ],
            [
              -84.371258,
              33.7894386
            ],
            [
              -84.3712571,
              33.7894175
            ],
            [
              -84.3712565,
              33.789404
            ],
            [
              -84.3712426,
              33.789369
            ],
            [
              -84.3712037,
              33.7893432
            ],
            [
              -84.3711756,
              33.7893302
            ],
            [
              -84.3711479,
              33.7893174
            ],
            [
              -84.3710911,
              33.789307
            ],
            [
              -84.3710405,
              33.7893102
            ],
            [
              -84.3710132,
              33.7893184
            ],
            [
              -84.3710034,
              33.7893225
            ],
            [
              -84.3709311,
              33.7893526
            ],
            [
              -84.3708681,
              33.7893668
            ],
            [
              -84.3708254,
              33.7893662
            ],
            [
              -84.3707506,
              33.78935
            ],
            [
              -84.3706879,
              33.7893215
            ],
            [
              -84.3706543,
              33.7892875
            ],
            [
              -84.3706289,
              33.7892506
            ],
            [
              -84.370616,
              33.7892105
            ],
            [
              -84.3706133,
              33.7891689
            ],
            [
              -84.3706206,
              33.7891244
            ],
            [
              -84.3706446,
              33.7890496
            ],
            [
              -84.3706779,
              33.7889315
            ],
            [
              -84.3706978,
              33.7888387
            ],
            [
              -84.3707112,
              33.7887511
            ],
            [
              -84.3707351,
              33.7885923
            ],
            [
              -84.3707579,
              33.7884665
            ],
            [
              -84.3707866,
              33.7883436
            ],
            [
              -84.3708187,
              33.788204
            ],
            [
              -84.3708537,
              33.7879927
            ],
            [
              -84.3708822,
              33.7878072
            ],
            [
              -84.3708948,
              33.7876718
            ],
            [
              -84.3708982,
              33.787504
            ],
            [
              -84.3708937,
              33.7873124
            ],
            [
              -84.3708936,
              33.7872241
            ],
            [
              -84.3709045,
              33.7870996
            ],
            [
              -84.3709225,
              33.7869569
            ],
            [
              -84.3709482,
              33.7866635
            ],
            [
              -84.3709527,
              33.7864732
            ],
            [
              -84.3709417,
              33.7861594
            ],
            [
              -84.3709343,
              33.7860665
            ],
            [
              -84.3709246,
              33.7859794
            ],
            [
              -84.370897,
              33.7858655
            ],
            [
              -84.3708572,
              33.7857543
            ],
            [
              -84.3707842,
              33.7855921
            ],
            [
              -84.370731,
              33.7854831
            ],
            [
              -84.3706877,
              33.7853792
            ],
            [
              -84.3706185,
              33.7851567
            ],
            [
              -84.3705847,
              33.7850492
            ],
            [
              -84.3705136,
              33.7848641
            ],
            [
              -84.3704305,
              33.7846735
            ],
            [
              -84.3703804,
              33.7845609
            ],
            [
              -84.3703474,
              33.7844905
            ],
            [
              -84.3702528,
              33.7843178
            ],
            [
              -84.3701463,
              33.7841439
            ],
            [
              -84.3698313,
              33.783687
            ],
            [
              -84.3695014,
              33.7832369
            ],
            [
              -84.3692954,
              33.7829673
            ],
            [
              -84.3689979,
              33.782608
            ],
            [
              -84.3688262,
              33.7824107
            ],
            [
              -84.3686429,
              33.782184
            ]
          ],
          [
            [
              -84.4316787,
              33.7377551
            ],
            [
              -84.4315548,
              33.7373776
            ],
            [
              -84.43138,
              33.7370099
            ],
            [
              -84.4312111,
              33.7367489
            ],
            [
              -84.4309697,
              33.7365214
            ],
            [
              -84.4306612,
              33.7363207
            ],
            [
              -84.4289768,
              33.7352723
            ],
            [
              -84.4258279,
              33.7333808
            ],
            [
              -84.4253665,
              33.7331644
            ],
            [
              -84.4248033,
              33.7329927
            ],
            [
              -84.4242936,
              33.7328388
            ],
            [
              -84.4241086,
              33.7327607
            ],
            [
              -84.4230714,
              33.7320736
            ],
            [
              -84.423052,
              33.7319732
            ],
            [
              -84.4226119,
              33.7317145
            ],
            [
              -84.4225106,
              33.7316392
            ],
            [
              -84.4221977,
              33.7314065
            ],
            [
              -84.4219789,
              33.7312438
            ],
            [
              -84.4217569,
              33.7310827
            ],
            [
              -84.4211598,
              33.7306494
            ],
            [
              -84.4209732,
              33.7305142
            ],
            [
              -84.4205266,
              33.7301907
            ],
            [
              -84.4203747,
              33.7300806
            ],
            [
              -84.4193656,
              33.7294682
            ],
            [
              -84.4188617,
              33.7291612
            ],
            [
              -84.4179818,
              33.7286231
            ],
            [
              -84.4176674,
              33.7284309
            ],
            [
              -84.4174341,
              33.7282873
            ],
            [
              -84.4164799,
              33.7277
            ],
            [
              -84.4161478,
              33.7274784
            ],
            [
              -84.4147055,
              33.7265832
            ],
            [
              -84.4143278,
              33.7262886
            ],
            [
              -84.4140516,
              33.726039
            ],
            [
              -84.4136797,
              33.7256231
            ],
            [
              -84.4136117,
              33.7255354
            ],
            [
              -84.4135494,
              33.7254572
            ],
            [
              -84.4135044,
              33.7253981
            ],
            [
              -84.4134213,
              33.7253034
            ],
            [
              -84.413365,
              33.7252008
            ],
            [
              -84.4133247,
              33.7251048
            ],
            [
              -84.4133006,
              33.7250424
            ],
            [
              -84.4132443,
              33.7249119
            ],
            [
              -84.4131692,
              33.7247724
            ],
            [
              -84.4123927,
              33.7233982
            ],
            [
              -84.4121781,
              33.723009
            ],
            [
              -84.4120601,
              33.722758
            ],
            [
              -84.4119595,
              33.7225817
            ],
            [
              -84.4116677,
              33.7220858
            ],
            [
              -84.4115742,
              33.7219589
            ],
            [
              -84.4114025,
              33.7217828
            ],
            [
              -84.4111197,
              33.7215398
            ],
            [
              -84.4110311,
              33.7214725
            ],
            [
              -84.4108946,
              33.7213673
            ],
            [
              -84.4107436,
              33.7212749
            ],
            [
              -84.4105725,
              33.7211977
            ],
            [
              -84.410377,
              33.7211211
            ],
            [
              -84.4097145,
              33.7208742
            ],
            [
              -84.4094289,
              33.7207826
            ],
            [
              -84.4090912,
              33.7206926
            ],
            [
              -84.4087869,
              33.7206258
            ],
            [
              -84.4082346,
              33.7205521
            ],
            [
              -84.4080703,
              33.7205378
            ],
            [
              -84.4080224,
              33.7205337
            ],
            [
              -84.4077005,
              33.7205166
            ],
            [
              -84.4073454,
              33.7204968
            ],
            [
              -84.4063225,
              33.7204338
            ],
            [
              -84.4061257,
              33.7204274
            ],
            [
              -84.4060146,
              33.7204229
            ],
            [
              -84.4059412,
              33.7204131
            ],
            [
              -84.405718,
              33.7203718
            ],
            [
              -84.4056082,
              33.7203605
            ],
            [
              -84.4054631,
              33.7203527
            ],
            [
              -84.4051863,
              33.7203458
            ],
            [
              -84.4046145,
              33.7203247
            ],
            [
              -84.4044563,
              33.7203266
            ],
            [
              -84.4043207,
              33.7203377
            ],
            [
              -84.4040906,
              33.7203669
            ],
            [
              -84.403996,
              33.7203724
            ],
            [
              -84.4039118,
              33.7203714
            ],
            [
              -84.4036136,
              33.7203612
            ],
            [
              -84.4033553,
              33.7203629
            ],
            [
              -84.4030695,
              33.7203689
            ],
            [
              -84.4026678,
              33.720389
            ],
            [
              -84.4022722,
              33.7204249
            ],
            [
              -84.4019765,
              33.7204577
            ],
            [
              -84.4016039,
              33.7205131
            ],
            [
              -84.4014565,
              33.7205247
            ],
            [
              -84.4013105,
              33.7205318
            ],
            [
              -84.4010956,
              33.7205274
            ],
            [
              -84.4008657,
              33.7205072
            ],
            [
              -84.400686,
              33.7204782
            ],
            [
              -84.4005543,
              33.7204488
            ],
            [
              -84.4002197,
              33.7203604
            ],
            [
              -84.400045,
              33.7203274
            ],
            [
              -84.3998745,
              33.7203042
            ],
            [
              -84.3996998,
              33.7202931
            ],
            [
              -84.399347,
              33.7202837
            ],
            [
              -84.3991126,
              33.7202749
            ],
            [
              -84.3989341,
              33.7202525
            ],
            [
              -84.3986215,
              33.7201881
            ],
            [
              -84.3962251,
              33.7195579
            ],
            [
              -84.395669,
              33.7194255
            ],
            [
              -84.395282,
              33.719362
            ],
            [
              -84.3951552,
              33.7193519
            ],
            [
              -84.3949402,
              33.7193463
            ],
            [
              -84.3942513,
              33.7193555
            ],
            [
              -84.3939336,
              33.7193869
            ],
            [
              -84.3936772,
              33.7194402
            ],
            [
              -84.3935238,
              33.719477
            ],
            [
              -84.3932598,
              33.7195399
            ],
            [
              -84.3927896,
              33.719661
            ],
            [
              -84.3918735,
              33.7199494
            ],
            [
              -84.3903752,
              33.720541
            ],
            [
              -84.3899764,
              33.7207082
            ],
            [
              -84.389673,
              33.7208576
            ],
            [
              -84.388823,
              33.7212761
            ],
            [
              -84.3883029,
              33.7215536
            ],
            [
              -84.3877701,
              33.7218454
            ],
            [
              -84.3876431,
              33.721915
            ],
            [
              -84.3861881,
              33.7226384
            ],
            [
              -84.3851445,
              33.7231663
            ],
            [
              -84.3850572,
              33.7232101
            ],
            [
              -84.3848689,
              33.7232856
            ],
            [
              -84.3844683,
              33.7234948
            ],
            [
              -84.3838757,
              33.7237546
            ],
            [
              -84.3835723,
              33.7238678
            ],
            [
              -84.3832609,
              33.723969
            ],
            [
              -84.3828924,
              33.7240742
            ],
            [
              -84.3825119,
              33.7241617
            ],
            [
              -84.3822889,
              33.7242092
            ],
            [
              -84.3821531,
              33.7242276
            ],
            [
              -84.381743,
              33.7242791
            ],
            [
              -84.3808686,
              33.7243139
            ],
            [
              -84.3800005,
              33.7243202
            ],
            [
              -84.3786668,
              33.7243288
            ],
            [
              -84.3785944,
              33.7243293
            ],
            [
              -84.3785271,
              33.7243297
            ],
            [
              -84.3784394,
              33.7243303
            ],
            [
              -84.3783503,
              33.7243309
            ],
            [
              -84.378339,
              33.724331
            ],
            [
              -84.3774232,
              33.7243085
            ],
            [
              -84.3771564,
              33.7243095
            ],
            [
              -84.3767588,
              33.7243172
            ],
            [
              -84.3749745,
              33.7243519
            ],
            [
              -84.3747311,
              33.7243807
            ],
            [
              -84.3740398,
              33.7245293
            ],
            [
              -84.3733639,
              33.7247258
            ],
            [
              -84.3706796,
              33.7255437
            ],
            [
              -84.3702506,
              33.7256762
            ],
            [
              -84.3685132,
              33.726213
            ],
            [
              -84.3684212,
              33.7262387
            ],
            [
              -84.3683393,
              33.7262653
            ],
            [
              -84.3672178,
              33.7265987
            ],
            [
              -84.366499,
              33.7268374
            ],
            [
              -84.3660788,
              33.7269944
            ],
            [
              -84.3656411,
              33.7271879
            ],
            [
              -84.3651581,
              33.7274201
            ],
            [
              -84.3647102,
              33.7276767
            ],
            [
              -84.3640353,
              33.7280967
            ],
            [
              -84.3639152,
              33.7281724
            ],
            [
              -84.3638892,
              33.7281954
            ],
            [
              -84.363698,
              33.7283487
            ],
            [
              -84.3634332,
              33.7285938
            ],
            [
              -84.3631297,
              33.728856
            ],
            [
              -84.3628903,
              33.7290793
            ],
            [
              -84.3626685,
              33.7293075
            ],
            [
              -84.3623883,
              33.7296279
            ],
            [
              -84.3621898,
              33.7298658
            ],
            [
              -84.3619563,
              33.7301911
            ],
            [
              -84.3617257,
              33.7305237
            ],
            [
              -84.3614805,
              33.7309412
            ],
            [
              -84.3612239,
              33.7314135
            ],
            [
              -84.3611798,
              33.7314947
            ],
            [
              -84.3611732,
              33.731509
            ],
            [
              -84.3610076,
              33.7318661
            ],
            [
              -84.3607624,
              33.732354
            ],
            [
              -84.360648,
              33.7326567
            ],
            [
              -84.360499,
              33.7329926
            ],
            [
              -84.3602708,
              33.7335187
            ],
            [
              -84.3601572,
              33.7338262
            ],
            [
              -84.3601337,
              33.7338928
            ],
            [
              -84.3599377,
              33.7345474
            ],
            [
              -84.3597591,
              33.7350504
            ],
            [
              -84.3597,
              33.7352255
            ],
            [
              -84.3595568,
              33.7356548
            ],
            [
              -84.3587563,
              33.737995
            ],
            [
              -84.358525,
              33.7386713
            ],
            [
              -84.3583715,
              33.7391828
            ],
            [
              -84.3582279,
              33.7397081
            ],
            [
              -84.3582129,
              33.7397632
            ],
            [
              -84.358163,
              33.7398524
            ],
            [
              -84.3581405,
              33.7405001
            ],
            [
              -84.3581381,
              33.7405703
            ],
            [
              -84.358139,
              33.7406565
            ],
            [
              -84.3581507,
              33.7417834
            ],
            [
              -84.3581515,
              33.7418596
            ],
            [
              -84.358152,
              33.7419491
            ],
            [
              -84.3581554,
              33.742579
            ],
            [
              -84.358157,
              33.7428313
            ],
            [
              -84.3581572,
              33.7428612
            ],
            [
              -84.3581496,
              33.7429308
            ],
            [
              -84.3581402,
              33.7431297
            ],
            [
              -84.3581471,
              33.7439127
            ],
            [
              -84.3581212,
              33.743997
            ],
            [
              -84.3581188,
              33.7440724
            ],
            [
              -84.358118,
              33.744095
            ],
            [
              -84.3581271,
              33.7444509
            ],
            [
              -84.3581601,
              33.7448953
            ],
            [
              -84.3581444,
              33.7452723
            ],
            [
              -84.3581428,
              33.7453267
            ],
            [
              -84.3581395,
              33.7453691
            ],
            [
              -84.3581372,
              33.745408
            ],
            [
              -84.358118,
              33.7457313
            ],
            [
              -84.3580863,
              33.7460765
            ],
            [
              -84.3580376,
              33.7464672
            ],
            [
              -84.358033,
              33.746522
            ],
            [
              -84.3580588,
              33.7465344
            ],
            [
              -84.3580591,
              33.7465501
            ],
            [
              -84.3580585,
              33.7465991
            ],
            [
              -84.3580592,
              33.7466451
            ],
            [
              -84.3580594,
              33.7466559
            ],
            [
              -84.3582413,
              33.7466629
            ],
            [
              -84.3582378,
              33.7467125
            ],
            [
              -84.3581373,
              33.7475015
            ],
            [
              -84.3581113,
              33.747595
            ],
            [
              -84.3580779,
              33.747661
            ],
            [
              -84.3580676,
              33.7476813
            ],
            [
              -84.357983,
              33.7478364
            ],
            [
              -84.3579467,
              33.7479276
            ],
            [
              -84.3579164,
              33.7480378
            ],
            [
              -84.3579137,
              33.7481387
            ],
            [
              -84.3579221,
              33.7482539
            ],
            [
              -84.35792,
              33.7483437
            ],
            [
              -84.3578913,
              33.7485181
            ],
            [
              -84.3577948,
              33.7488419
            ],
            [
              -84.3577194,
              33.7490881
            ],
            [
              -84.3576901,
              33.7491768
            ],
            [
              -84.3576214,
              33.7493759
            ],
            [
              -84.3575557,
              33.7496103
            ],
            [
              -84.3575526,
              33.7496212
            ],
            [
              -84.3573942,
              33.7501765
            ],
            [
              -84.3573862,
              33.7502065
            ],
            [
              -84.3573775,
              33.7502389
            ],
            [
              -84.3573691,
              33.7502721
            ],
            [
              -84.3572359,
              33.7507971
            ],
            [
              -84.3571726,
              33.7511511
            ],
            [
              -84.3571402,
              33.751425
            ],
            [
              -84.3570997,
              33.7517911
            ],
            [
              -84.3570922,
              33.7520339
            ],
            [
              -84.357079,
              33.7524596
            ],
            [
              -84.3570784,
              33.7524778
            ],
            [
              -84.3570769,
              33.7525257
            ],
            [
              -84.357076,
              33.7525553
            ],
            [
              -84.3570751,
              33.7525848
            ],
            [
              -84.3575194,
              33.7525958
            ],
            [
              -84.3576002,
              33.7525971
            ],
            [
              -84.358231,
              33.7526077
            ],
            [
              -84.3590158,
              33.7526208
            ],
            [
              -84.3600319,
              33.7526377
            ],
            [
              -84.3601382,
              33.7526433
            ],
            [
              -84.3606448,
              33.75267
            ],
            [
              -84.3610914,
              33.7527001
            ],
            [
              -84.3612939,
              33.7527035
            ],
            [
              -84.3614817,
              33.7526879
            ],
            [
              -84.3616989,
              33.7526444
            ],
            [
              -84.3622587,
              33.752507
            ],
            [
              -84.3631579,
              33.7522919
            ],
            [
              -84.363269,
              33.7523327
            ],
            [
              -84.3635043,
              33.7528551
            ],
            [
              -84.3637819,
              33.7534735
            ],
            [
              -84.3638707,
              33.7535152
            ],
            [
              -84.3639452,
              33.7535563
            ],
            [
              -84.3639871,
              33.7535748
            ],
            [
              -84.3647182,
              33.753411
            ],
            [
              -84.36478,
              33.7533972
            ],
            [
              -84.3648304,
              33.7533921
            ],
            [
              -84.364894,
              33.7533957
            ],
            [
              -84.3649873,
              33.753426
            ],
            [
              -84.3650698,
              33.7534697
            ],
            [
              -84.3651281,
              33.7535423
            ],
            [
              -84.3651929,
              33.7536949
            ],
            [
              -84.3652562,
              33.7538047
            ],
            [
              -84.3653637,
              33.7539035
            ],
            [
              -84.3654057,
              33.7539421
            ],
            [
              -84.3654769,
              33.7540602
            ],
            [
              -84.3655009,
              33.75415
            ],
            [
              -84.3655049,
              33.7542252
            ],
            [
              -84.365491,
              33.7543846
            ],
            [
              -84.3654481,
              33.7546423
            ],
            [
              -84.3653694,
              33.7550976
            ],
            [
              -84.3652644,
              33.7557128
            ],
            [
              -84.3652157,
              33.7559635
            ],
            [
              -84.3651237,
              33.756437
            ],
            [
              -84.3651028,
              33.7565394
            ],
            [
              -84.364981,
              33.7571357
            ],
            [
              -84.3649241,
              33.7574142
            ],
            [
              -84.3649027,
              33.7575192
            ],
            [
              -84.3648923,
              33.7575617
            ],
            [
              -84.3648823,
              33.7576141
            ],
            [
              -84.3647672,
              33.7580436
            ],
            [
              -84.3646159,
              33.7584641
            ],
            [
              -84.3645108,
              33.7586624
            ],
            [
              -84.3643237,
              33.7590002
            ],
            [
              -84.3640916,
              33.7593445
            ],
            [
              -84.3639721,
              33.7594889
            ],
            [
              -84.3638165,
              33.7596645
            ],
            [
              -84.3636928,
              33.7597947
            ],
            [
              -84.3633582,
              33.7601075
            ],
            [
              -84.3629841,
              33.7603884
            ],
            [
              -84.3625237,
              33.7606973
            ],
            [
              -84.3624734,
              33.7607308
            ],
            [
              -84.3618509,
              33.7611417
            ],
            [
              -84.361834,
              33.7611551
            ],
            [
              -84.3611222,
              33.7617197
            ],
            [
              -84.360865,
              33.7619368
            ],
            [
              -84.3606445,
              33.762181
            ],
            [
              -84.360534,
              33.7623064
            ],
            [
              -84.3605117,
              33.7623316
            ],
            [
              -84.3604245,
              33.7624302
            ],
            [
              -84.3603352,
              33.7625444
            ],
            [
              -84.3602135,
              33.7627074
            ],
            [
              -84.3600428,
              33.7629761
            ],
            [
              -84.3599525,
              33.7631644
            ],
            [
              -84.3598959,
              33.7633022
            ],
            [
              -84.3598802,
              33.7633403
            ],
            [
              -84.3598542,
              33.7634092
            ],
            [
              -84.3597684,
              33.7636369
            ],
            [
              -84.3596779,
              33.7639191
            ],
            [
              -84.3596399,
              33.7640858
            ],
            [
              -84.3596159,
              33.7641911
            ],
            [
              -84.3596177,
              33.7646529
            ],
            [
              -84.3595895,
              33.7648705
            ],
            [
              -84.3595915,
              33.7649702
            ],
            [
              -84.3595905,
              33.7651544
            ],
            [
              -84.359619,
              33.7653749
            ],
            [
              -84.3596759,
              33.7656546
            ],
            [
              -84.3597415,
              33.7658815
            ],
            [
              -84.3598375,
              33.766159
            ],
            [
              -84.3598892,
              33.7662729
            ],
            [
              -84.359933,
              33.7663694
            ],
            [
              -84.3601383,
              33.7667116
            ],
            [
              -84.3603843,
              33.7670292
            ],
            [
              -84.3607051,
              33.7673668
            ],
            [
              -84.3609193,
              33.7675768
            ],
            [
              -84.3610677,
              33.7677247
            ],
            [
              -84.3613076,
              33.7679507
            ],
            [
              -84.3615654,
              33.7682075
            ],
            [
              -84.361836,
              33.768477
            ],
            [
              -84.3618956,
              33.7685346
            ],
            [
              -84.362129,
              33.7687602
            ],
            [
              -84.3621548,
              33.7687852
            ],
            [
              -84.3623528,
              33.7689767
            ],
            [
              -84.3623737,
              33.7689969
            ],
            [
              -84.3625661,
              33.7692162
            ],
            [
              -84.3627584,
              33.7694354
            ],
            [
              -84.3632903,
              33.7701239
            ],
            [
              -84.3633428,
              33.7702008
            ],
            [
              -84.3635581,
              33.7705165
            ],
            [
              -84.3637301,
              33.7708465
            ],
            [
              -84.363736,
              33.7708574
            ],
            [
              -84.3637581,
              33.7708986
            ],
            [
              -84.3637857,
              33.770927
            ],
            [
              -84.3638614,
              33.7709732
            ],
            [
              -84.3638814,
              33.7710051
            ],
            [
              -84.363989,
              33.7712585
            ],
            [
              -84.3639878,
              33.7713147
            ],
            [
              -84.3639703,
              33.7713699
            ],
            [
              -84.3639777,
              33.7714248
            ],
            [
              -84.3642293,
              33.7719906
            ],
            [
              -84.3642766,
              33.772126
            ],
            [
              -84.364281,
              33.7721429
            ],
            [
              -84.3644118,
              33.7726315
            ],
            [
              -84.3645614,
              33.7732178
            ],
            [
              -84.3646342,
              33.7735069
            ],
            [
              -84.3646398,
              33.7735292
            ],
            [
              -84.3646959,
              33.7737522
            ],
            [
              -84.3648634,
              33.7746998
            ],
            [
              -84.3653515,
              33.7766837
            ],
            [
              -84.3653742,
              33.7767632
            ],
            [
              -84.3656407,
              33.7776096
            ],
            [
              -84.365704,
              33.777811
            ],
            [
              -84.3658803,
              33.7783341
            ],
            [
              -84.3660823,
              33.7787601
            ],
            [
              -84.3662622,
              33.7790828
            ],
            [
              -84.366479,
              33.779408
            ],
            [
              -84.3669029,
              33.7800262
            ],
            [
              -84.3670768,
              33.7802553
            ],
            [
              -84.3674238,
              33.780688
            ],
            [
              -84.3674505,
              33.7807151
            ],
            [
              -84.367477,
              33.780742
            ],
            [
              -84.3677292,
              33.7809725
            ],
            [
              -84.3677797,
              33.7810277
            ],
            [
              -84.3681191,
              33.7814689
            ],
            [
              -84.3683611,
              33.7817981
            ],
            [
              -84.368476,
              33.7819544
            ],
            [
              -84.3685188,
              33.7820132
            ]
          ],
          [
            [
              -84.4075093,
              33.8205908
            ],
            [
              -84.4074561,
              33.8206089
            ],
            [
              -84.4074196,
              33.8206192
            ],
            [
              -84.4073857,
              33.8206173
            ],
            [
              -84.407322,
              33.8206011
            ],
            [
              -84.4072174,
              33.8205805
            ],
            [
              -84.4069091,
              33.8205415
            ],
            [
              -84.4060543,
              33.8204841
            ],
            [
              -84.4051075,
              33.8204265
            ],
            [
              -84.4048649,
              33.8204053
            ],
            [
              -84.4047438,
              33.8203853
            ],
            [
              -84.4046394,
              33.8203638
            ],
            [
              -84.4044018,
              33.8202893
            ],
            [
              -84.4041857,
              33.8202015
            ],
            [
              -84.4040176,
              33.8201075
            ],
            [
              -84.4038176,
              33.819985
            ],
            [
              -84.403583,
              33.8198223
            ],
            [
              -84.4034353,
              33.8197062
            ],
            [
              -84.4032584,
              33.8195181
            ],
            [
              -84.4031521,
              33.8193894
            ],
            [
              -84.4029473,
              33.8191415
            ],
            [
              -84.4027424,
              33.8187891
            ],
            [
              -84.4025168,
              33.8183839
            ],
            [
              -84.4024324,
              33.8182607
            ],
            [
              -84.4022942,
              33.818024
            ],
            [
              -84.4021788,
              33.8178747
            ],
            [
              -84.4019991,
              33.8176552
            ],
            [
              -84.4019418,
              33.817538
            ],
            [
              -84.4019213,
              33.8174635
            ],
            [
              -84.4019007,
              33.8173377
            ],
            [
              -84.4018958,
              33.8172229
            ],
            [
              -84.4018871,
              33.8171633
            ],
            [
              -84.4018596,
              33.8170858
            ],
            [
              -84.4017148,
              33.8168674
            ],
            [
              -84.4014886,
              33.8165195
            ],
            [
              -84.4014063,
              33.816375
            ],
            [
              -84.4013505,
              33.8163186
            ],
            [
              -84.401275,
              33.8162769
            ],
            [
              -84.4010963,
              33.8162044
            ],
            [
              -84.400646,
              33.8160519
            ],
            [
              -84.4005427,
              33.8160318
            ],
            [
              -84.4004381,
              33.8160229
            ],
            [
              -84.4001108,
              33.8160362
            ],
            [
              -84.3999157,
              33.8160451
            ],
            [
              -84.3993759,
              33.8160697
            ],
            [
              -84.3982802,
              33.8161098
            ],
            [
              -84.3980372,
              33.8161078
            ],
            [
              -84.397949,
              33.8161064
            ],
            [
              -84.3979121,
              33.8160971
            ],
            [
              -84.3978917,
              33.8160864
            ],
            [
              -84.39787,
              33.8160704
            ],
            [
              -84.3978578,
              33.8160474
            ],
            [
              -84.397792,
              33.8153203
            ],
            [
              -84.3976969,
              33.8140618
            ],
            [
              -84.3976835,
              33.8135108
            ],
            [
              -84.3976791,
              33.813464
            ],
            [
              -84.3976627,
              33.8134239
            ],
            [
              -84.3976355,
              33.8133999
            ],
            [
              -84.3975989,
              33.8133793
            ],
            [
              -84.3975601,
              33.8133741
            ],
            [
              -84.3975634,
              33.8132579
            ],
            [
              -84.3975683,
              33.8132169
            ],
            [
              -84.397584,
              33.813177
            ],
            [
              -84.3976238,
              33.8131156
            ],
            [
              -84.397665,
              33.813071
            ],
            [
              -84.3977352,
              33.8130098
            ],
            [
              -84.3978007,
              33.8129732
            ],
            [
              -84.3978633,
              33.812956
            ],
            [
              -84.397944,
              33.812947
            ],
            [
              -84.399266,
              33.812965
            ],
            [
              -84.399328,
              33.812981
            ],
            [
              -84.399654,
              33.812982
            ],
            [
              -84.399865,
              33.81302
            ],
            [
              -84.400303,
              33.813177
            ],
            [
              -84.400356,
              33.8131868
            ],
            [
              -84.4004097,
              33.8131928
            ],
            [
              -84.400463,
              33.8131906
            ],
            [
              -84.400517,
              33.81318
            ],
            [
              -84.400617,
              33.813145
            ],
            [
              -84.40089,
              33.813
            ],
            [
              -84.401139,
              33.812891
            ],
            [
              -84.401756,
              33.812797
            ],
            [
              -84.4018686,
              33.8127724
            ],
            [
              -84.4019698,
              33.812735
            ],
            [
              -84.4020199,
              33.8126999
            ],
            [
              -84.4020565,
              33.8126581
            ],
            [
              -84.4020729,
              33.8126344
            ],
            [
              -84.4020864,
              33.8126042
            ],
            [
              -84.4020985,
              33.812565
            ],
            [
              -84.402128,
              33.812365
            ],
            [
              -84.4021372,
              33.8123315
            ],
            [
              -84.4021505,
              33.812298
            ],
            [
              -84.4021729,
              33.8122689
            ],
            [
              -84.4023761,
              33.8120131
            ],
            [
              -84.4024173,
              33.8119198
            ],
            [
              -84.4024233,
              33.811884
            ],
            [
              -84.4024229,
              33.811851
            ],
            [
              -84.4024007,
              33.811773
            ],
            [
              -84.4023652,
              33.8116978
            ],
            [
              -84.4023354,
              33.811656
            ],
            [
              -84.4022948,
              33.8116114
            ],
            [
              -84.4022385,
              33.8115758
            ],
            [
              -84.4021831,
              33.8115541
            ],
            [
              -84.4021232,
              33.8115284
            ],
            [
              -84.4019408,
              33.8114682
            ],
            [
              -84.4017906,
              33.811359
            ],
            [
              -84.401517,
              33.8111562
            ],
            [
              -84.401399,
              33.8110626
            ],
            [
              -84.4013725,
              33.8110316
            ],
            [
              -84.4013527,
              33.8109994
            ],
            [
              -84.4013239,
              33.8109601
            ],
            [
              -84.4013192,
              33.8109323
            ],
            [
              -84.4013239,
              33.8109044
            ],
            [
              -84.4013487,
              33.8108665
            ],
            [
              -84.4013775,
              33.8108308
            ],
            [
              -84.401517,
              33.8107573
            ],
            [
              -84.4017048,
              33.8107194
            ],
            [
              -84.4018818,
              33.8106971
            ],
            [
              -84.4019998,
              33.8106993
            ],
            [
              -84.4021876,
              33.8106993
            ],
            [
              -84.4023163,
              33.8106815
            ],
            [
              -84.4023646,
              33.8106648
            ],
            [
              -84.4024129,
              33.8106414
            ],
            [
              -84.402496,
              33.8105723
            ],
            [
              -84.4025509,
              33.810509
            ],
            [
              -84.4027386,
              33.810412
            ],
            [
              -84.4029413,
              33.8103606
            ],
            [
              -84.403086,
              33.8102973
            ],
            [
              -84.4031088,
              33.8102842
            ],
            [
              -84.4031812,
              33.8102427
            ],
            [
              -84.4032067,
              33.8101802
            ],
            [
              -84.4032237,
              33.8101401
            ],
            [
              -84.4032389,
              33.8100443
            ],
            [
              -84.4032424,
              33.8100143
            ],
            [
              -84.4032483,
              33.809963
            ],
            [
              -84.4032551,
              33.8098636
            ],
            [
              -84.4032511,
              33.8097934
            ],
            [
              -84.4032363,
              33.8097254
            ],
            [
              -84.4031478,
              33.8095694
            ],
            [
              -84.4030378,
              33.809429
            ],
            [
              -84.402952,
              33.8092909
            ],
            [
              -84.4028822,
              33.8091638
            ],
            [
              -84.4028098,
              33.8090435
            ],
            [
              -84.4027964,
              33.8089956
            ],
            [
              -84.4027911,
              33.808941
            ],
            [
              -84.4027884,
              33.8088407
            ],
            [
              -84.4027374,
              33.8087159
            ],
            [
              -84.4025121,
              33.8083348
            ],
            [
              -84.4023699,
              33.8080651
            ],
            [
              -84.4022761,
              33.8079225
            ],
            [
              -84.4021956,
              33.8077687
            ],
            [
              -84.4021262,
              33.8075525
            ],
            [
              -84.4020729,
              33.8074445
            ],
            [
              -84.4020594,
              33.8074296
            ],
            [
              -84.4020378,
              33.8074181
            ],
            [
              -84.4019941,
              33.8074147
            ],
            [
              -84.4018736,
              33.8074248
            ],
            [
              -84.4016092,
              33.8074603
            ],
            [
              -84.401577,
              33.8074627
            ],
            [
              -84.4015197,
              33.807457
            ],
            [
              -84.4014768,
              33.8074435
            ],
            [
              -84.4014339,
              33.8074166
            ],
            [
              -84.4013212,
              33.8073074
            ],
            [
              -84.4012783,
              33.8072048
            ],
            [
              -84.4012381,
              33.8070956
            ],
            [
              -84.4012327,
              33.8069775
            ],
            [
              -84.4012059,
              33.806846
            ],
            [
              -84.4011897,
              33.8068082
            ],
            [
              -84.4011536,
              33.8067547
            ],
            [
              -84.401112,
              33.8067257
            ],
            [
              -84.4010027,
              33.8066701
            ],
            [
              -84.4009309,
              33.8066221
            ],
            [
              -84.4008089,
              33.806534
            ],
            [
              -84.4007257,
              33.8064636
            ],
            [
              -84.4006558,
              33.8064146
            ],
            [
              -84.4005699,
              33.8063593
            ],
            [
              -84.4005141,
              33.8063413
            ],
            [
              -84.4003369,
              33.8062962
            ],
            [
              -84.4002349,
              33.806271
            ],
            [
              -84.4002295,
              33.8063624
            ],
            [
              -84.400141,
              33.8064694
            ],
            [
              -84.399913,
              33.80667
            ],
            [
              -84.399846,
              33.8067212
            ],
            [
              -84.3997789,
              33.8067279
            ],
            [
              -84.3996234,
              33.8066922
            ],
            [
              -84.3992988,
              33.8066298
            ],
            [
              -84.3991942,
              33.8066142
            ],
            [
              -84.3990118,
              33.8066009
            ],
            [
              -84.3989467,
              33.8065928
            ]
          ],
          [
            [
              -84.4002349,
              33.806271
            ],
            [
              -84.4001223,
              33.8061239
            ],
            [
              -84.4001008,
              33.8060147
            ],
            [
              -84.4001437,
              33.8058476
            ],
            [
              -84.4002725,
              33.8055913
            ],
            [
              -84.4003556,
              33.8054598
            ],
            [
              -84.40042,
              33.805306
            ],
            [
              -84.4005058,
              33.8052035
            ],
            [
              -84.4005434,
              33.8050965
            ],
            [
              -84.4005353,
              33.804985
            ],
            [
              -84.4005031,
              33.8048937
            ],
            [
              -84.4004978,
              33.8047711
            ],
            [
              -84.4005253,
              33.8046367
            ],
            [
              -84.4005561,
              33.8045213
            ],
            [
              -84.4005872,
              33.8044184
            ],
            [
              -84.400477,
              33.8043491
            ],
            [
              -84.4004528,
              33.8043265
            ],
            [
              -84.4004465,
              33.8042517
            ],
            [
              -84.4004699,
              33.8041742
            ],
            [
              -84.4004913,
              33.8041019
            ],
            [
              -84.400509,
              33.8040164
            ],
            [
              -84.4004983,
              33.8039351
            ],
            [
              -84.4004976,
              33.8038957
            ],
            [
              -84.4004941,
              33.8038197
            ],
            [
              -84.4004741,
              33.803718
            ],
            [
              -84.400373,
              33.8035481
            ],
            [
              -84.4003616,
              33.8035018
            ],
            [
              -84.4003664,
              33.803458
            ],
            [
              -84.4003656,
              33.8033666
            ]
          ],
          [
            [
              -84.3998483,
              33.8162637
            ],
            [
              -84.3999158,
              33.8162675
            ],
            [
              -84.3999157,
              33.8160451
            ]
          ],
          [
            [
              -84.4321722,
              33.7382001
            ],
            [
              -84.4322135,
              33.7381783
            ],
            [
              -84.4323822,
              33.7383355
            ],
            [
              -84.4325591,
              33.7384725
            ],
            [
              -84.4327807,
              33.7386297
            ],
            [
              -84.4329596,
              33.7387599
            ],
            [
              -84.4330907,
              33.7388275
            ],
            [
              -84.4332381,
              33.738839
            ]
          ],
          [
            [
              -84.4105725,
              33.7211977
            ],
            [
              -84.4106311,
              33.7211275
            ],
            [
              -84.4106701,
              33.7211093
            ],
            [
              -84.4107187,
              33.7210972
            ],
            [
              -84.4107722,
              33.7210992
            ],
            [
              -84.410832,
              33.7211069
            ],
            [
              -84.4110299,
              33.7211781
            ],
            [
              -84.4114735,
              33.721318
            ],
            [
              -84.4115154,
              33.7213277
            ],
            [
              -84.4115632,
              33.7213332
            ],
            [
              -84.4116454,
              33.7213336
            ],
            [
              -84.4116882,
              33.7213334
            ],
            [
              -84.4117906,
              33.7213455
            ],
            [
              -84.4119027,
              33.7213669
            ],
            [
              -84.4120476,
              33.7214071
            ],
            [
              -84.4122192,
              33.7214733
            ],
            [
              -84.4123925,
              33.7215586
            ],
            [
              -84.4124757,
              33.7216247
            ],
            [
              -84.4126949,
              33.721801
            ],
            [
              -84.4127542,
              33.7218528
            ],
            [
              -84.412815,
              33.7218935
            ],
            [
              -84.4128754,
              33.7219244
            ],
            [
              -84.413146,
              33.7220426
            ],
            [
              -84.4134131,
              33.7221218
            ],
            [
              -84.4134481,
              33.722134
            ],
            [
              -84.4135475,
              33.7221685
            ],
            [
              -84.4136286,
              33.7222659
            ],
            [
              -84.4146851,
              33.7226371
            ],
            [
              -84.4164687,
              33.7234341
            ],
            [
              -84.4178905,
              33.7242006
            ],
            [
              -84.4179721,
              33.7242396
            ],
            [
              -84.4180714,
              33.7242852
            ],
            [
              -84.4184078,
              33.7244451
            ],
            [
              -84.4187112,
              33.7245408
            ],
            [
              -84.4190654,
              33.7246023
            ],
            [
              -84.419693,
              33.7245951
            ],
            [
              -84.4198407,
              33.7245714
            ]
          ],
          [
            [
              -84.3582272,
              33.7439028
            ],
            [
              -84.3582179,
              33.7433009
            ],
            [
              -84.3582151,
              33.7431221
            ]
          ],
          [
            [
              -84.3581381,
              33.7405703
            ],
            [
              -84.3581405,
              33.7405001
            ],
            [
              -84.358163,
              33.7398524
            ],
            [
              -84.3582129,
              33.7397632
            ]
          ],
          [
            [
              -84.3687209,
              33.781933
            ],
            [
              -84.3687062,
              33.7819301
            ],
            [
              -84.3686354,
              33.7819149
            ],
            [
              -84.3685699,
              33.7819009
            ],
            [
              -84.3685574,
              33.7818974
            ]
          ],
          [
            [
              -84.3717055,
              33.8115554
            ],
            [
              -84.3718913,
              33.8114923
            ],
            [
              -84.37259,
              33.8112226
            ],
            [
              -84.372704,
              33.8111747
            ],
            [
              -84.3742289,
              33.8106298
            ],
            [
              -84.3743469,
              33.8106031
            ],
            [
              -84.3745011,
              33.8105897
            ],
            [
              -84.3751462,
              33.8105752
            ],
            [
              -84.3751985,
              33.8105719
            ],
            [
              -84.375236,
              33.810563
            ],
            [
              -84.3752682,
              33.8105463
            ],
            [
              -84.375295,
              33.8105206
            ],
            [
              -84.3753232,
              33.8104872
            ],
            [
              -84.3753594,
              33.8104437
            ],
            [
              -84.3754023,
              33.8104237
            ],
            [
              -84.375468,
              33.8104114
            ],
            [
              -84.3755338,
              33.810407
            ],
            [
              -84.3756035,
              33.8103936
            ],
            [
              -84.3757054,
              33.8103446
            ],
            [
              -84.3757778,
              33.8102911
            ],
            [
              -84.3758167,
              33.8102309
            ],
            [
              -84.3758516,
              33.8101641
            ],
            [
              -84.3759334,
              33.8100916
            ],
            [
              -84.3760286,
              33.8100303
            ],
            [
              -84.3762057,
              33.8099468
            ],
            [
              -84.3775401,
              33.8093149
            ],
            [
              -84.3776259,
              33.8092615
            ],
            [
              -84.3777076,
              33.8091365
            ],
            [
              -84.3776222,
              33.8084335
            ],
            [
              -84.3775799,
              33.8082306
            ],
            [
              -84.3775516,
              33.8081042
            ],
            [
              -84.3775064,
              33.8079038
            ],
            [
              -84.3774685,
              33.8076509
            ],
            [
              -84.3774234,
              33.8073894
            ],
            [
              -84.3773703,
              33.8071326
            ],
            [
              -84.377315,
              33.8069153
            ],
            [
              -84.3772508,
              33.8066446
            ],
            [
              -84.3772215,
              33.8065466
            ],
            [
              -84.3771468,
              33.8063597
            ],
            [
              -84.377093,
              33.8062475
            ],
            [
              -84.3770157,
              33.8061324
            ],
            [
              -84.3769522,
              33.8060613
            ],
            [
              -84.3768758,
              33.8060007
            ],
            [
              -84.3768415,
              33.8059524
            ],
            [
              -84.3764964,
              33.8053481
            ],
            [
              -84.3763635,
              33.8051235
            ],
            [
              -84.3763135,
              33.8050432
            ],
            [
              -84.3762155,
              33.8049075
            ],
            [
              -84.3761874,
              33.804865
            ],
            [
              -84.3747452,
              33.8023364
            ],
            [
              -84.3744029,
              33.8017416
            ],
            [
              -84.3743524,
              33.8016295
            ],
            [
              -84.3743173,
              33.8015196
            ],
            [
              -84.3743019,
              33.8014168
            ],
            [
              -84.3742809,
              33.8012902
            ],
            [
              -84.3742496,
              33.8012008
            ],
            [
              -84.3741201,
              33.80098
            ],
            [
              -84.373863,
              33.8005408
            ],
            [
              -84.3737786,
              33.8004225
            ],
            [
              -84.3736918,
              33.8003173
            ],
            [
              -84.3735137,
              33.8001227
            ],
            [
              -84.3734537,
              33.8000511
            ],
            [
              -84.373397,
              33.7999718
            ],
            [
              -84.3733286,
              33.7998577
            ],
            [
              -84.3731112,
              33.7994768
            ],
            [
              -84.3730691,
              33.7994031
            ],
            [
              -84.3730074,
              33.7992724
            ],
            [
              -84.3729955,
              33.7992299
            ],
            [
              -84.3729879,
              33.7991817
            ],
            [
              -84.372964,
              33.7989752
            ],
            [
              -84.3729496,
              33.7988879
            ],
            [
              -84.3729206,
              33.7987962
            ],
            [
              -84.3726229,
              33.7982586
            ],
            [
              -84.3725525,
              33.7981379
            ],
            [
              -84.3724708,
              33.7979889
            ],
            [
              -84.3724339,
              33.7979059
            ],
            [
              -84.372394,
              33.7978066
            ],
            [
              -84.3723235,
              33.7976267
            ],
            [
              -84.3722496,
              33.7974771
            ],
            [
              -84.3721555,
              33.7973187
            ],
            [
              -84.3720659,
              33.7971919
            ],
            [
              -84.3719555,
              33.7970448
            ],
            [
              -84.3718842,
              33.7969464
            ],
            [
              -84.371506,
              33.7963631
            ],
            [
              -84.3710051,
              33.7955623
            ],
            [
              -84.3709055,
              33.7953905
            ],
            [
              -84.370905,
              33.7953896
            ],
            [
              -84.3707225,
              33.7950343
            ],
            [
              -84.3705763,
              33.7947461
            ],
            [
              -84.370516,
              33.7946177
            ],
            [
              -84.3704628,
              33.7944914
            ],
            [
              -84.3704284,
              33.7943885
            ],
            [
              -84.3704113,
              33.7942981
            ],
            [
              -84.3704079,
              33.7942432
            ],
            [
              -84.3704119,
              33.7941574
            ],
            [
              -84.3704213,
              33.7940798
            ],
            [
              -84.3704208,
              33.7940273
            ],
            [
              -84.3704073,
              33.7939665
            ],
            [
              -84.3703778,
              33.7938724
            ],
            [
              -84.3703665,
              33.7938369
            ],
            [
              -84.3703542,
              33.7937979
            ],
            [
              -84.3703493,
              33.7937824
            ],
            [
              -84.3703414,
              33.7937578
            ],
            [
              -84.3703249,
              33.7937056
            ],
            [
              -84.3703029,
              33.7935913
            ],
            [
              -84.3702809,
              33.7934703
            ],
            [
              -84.3702696,
              33.7933968
            ],
            [
              -84.3702583,
              33.7933232
            ],
            [
              -84.3701985,
              33.7929341
            ],
            [
              -84.3701928,
              33.7928969
            ],
            [
              -84.3701444,
              33.7924838
            ],
            [
              -84.3701384,
              33.7923206
            ],
            [
              -84.3701297,
              33.792136
            ],
            [
              -84.3701315,
              33.7921017
            ],
            [
              -84.3701359,
              33.7920209
            ],
            [
              -84.3701376,
              33.7919907
            ],
            [
              -84.3701415,
              33.7917894
            ],
            [
              -84.3701768,
              33.791593
            ],
            [
              -84.3701898,
              33.7914886
            ],
            [
              -84.3702106,
              33.7913325
            ],
            [
              -84.3702319,
              33.7909982
            ],
            [
              -84.3702449,
              33.7909008
            ],
            [
              -84.3704023,
              33.789725
            ],
            [
              -84.3704063,
              33.7896887
            ],
            [
              -84.3704194,
              33.7895901
            ],
            [
              -84.3704375,
              33.7894695
            ],
            [
              -84.3704411,
              33.7894474
            ],
            [
              -84.370449,
              33.7894297
            ],
            [
              -84.3704595,
              33.7894176
            ],
            [
              -84.3704796,
              33.7894078
            ],
            [
              -84.370571,
              33.7893776
            ],
            [
              -84.3706172,
              33.7893664
            ],
            [
              -84.370654,
              33.7893486
            ],
            [
              -84.3706879,
              33.7893215
            ]
          ]
        ]
      },
      "id": "relation/8408433"
    },
    {
      "type": "Feature",
      "properties": {
        "@id": "relation/12321751",
        "name": "Westside Beltline Connector",
        "network": "lcn",
        "ref": "WSC",
        "route": "bicycle",
        "type": "route"
      },
      "geometry": {
        "type": "MultiLineString",
        "coordinates": [
          [
            [
              -84.3962766,
              33.76447
            ],
            [
              -84.3963158,
              33.7644474
            ],
            [
              -84.3963411,
              33.7644367
            ],
            [
              -84.3963979,
              33.7644218
            ],
            [
              -84.3965125,
              33.764392
            ],
            [
              -84.3965561,
              33.7643806
            ],
            [
              -84.3967966,
              33.7643052
            ],
            [
              -84.3970686,
              33.7642296
            ],
            [
              -84.3971202,
              33.7642138
            ],
            [
              -84.3971545,
              33.7641973
            ],
            [
              -84.3971696,
              33.7641846
            ],
            [
              -84.3971776,
              33.7641566
            ],
            [
              -84.397192,
              33.7641508
            ],
            [
              -84.3972579,
              33.7641242
            ],
            [
              -84.3973633,
              33.7640914
            ],
            [
              -84.3973714,
              33.7640844
            ],
            [
              -84.3973944,
              33.7640881
            ],
            [
              -84.3974253,
              33.7640774
            ],
            [
              -84.3974578,
              33.7640631
            ],
            [
              -84.3974889,
              33.7640493
            ],
            [
              -84.3975239,
              33.764038
            ],
            [
              -84.3975486,
              33.7640305
            ],
            [
              -84.3976403,
              33.7640112
            ],
            [
              -84.3977547,
              33.7639811
            ],
            [
              -84.3978985,
              33.7639443
            ],
            [
              -84.3980354,
              33.7639165
            ],
            [
              -84.3981907,
              33.7638892
            ],
            [
              -84.3982931,
              33.763876
            ],
            [
              -84.3984397,
              33.7638586
            ],
            [
              -84.3986106,
              33.7638465
            ],
            [
              -84.3987093,
              33.7638346
            ],
            [
              -84.3987949,
              33.7638165
            ],
            [
              -84.3988971,
              33.7638066
            ],
            [
              -84.399468,
              33.7637631
            ],
            [
              -84.3999396,
              33.7637345
            ],
            [
              -84.4001211,
              33.763714
            ],
            [
              -84.4003216,
              33.763696
            ],
            [
              -84.4009991,
              33.7636109
            ],
            [
              -84.4013472,
              33.7635586
            ],
            [
              -84.4015562,
              33.7635272
            ],
            [
              -84.4016803,
              33.7635068
            ],
            [
              -84.4018182,
              33.7634878
            ],
            [
              -84.4020997,
              33.7634491
            ],
            [
              -84.4021765,
              33.7634351
            ],
            [
              -84.4022269,
              33.7634272
            ],
            [
              -84.4023418,
              33.7634093
            ],
            [
              -84.402393,
              33.7634014
            ],
            [
              -84.402446,
              33.7633954
            ],
            [
              -84.4025918,
              33.7633815
            ],
            [
              -84.4026519,
              33.7633531
            ],
            [
              -84.4026668,
              33.763346
            ],
            [
              -84.4026803,
              33.7633527
            ],
            [
              -84.4028685,
              33.7632923
            ],
            [
              -84.4029992,
              33.7632562
            ],
            [
              -84.4030229,
              33.7632497
            ],
            [
              -84.4030613,
              33.763344
            ],
            [
              -84.4030671,
              33.7633572
            ],
            [
              -84.4030751,
              33.7633651
            ],
            [
              -84.4031403,
              33.7633024
            ],
            [
              -84.4032328,
              33.7632408
            ],
            [
              -84.4032967,
              33.7631791
            ],
            [
              -84.4033786,
              33.7631272
            ],
            [
              -84.4034302,
              33.7631219
            ],
            [
              -84.4034904,
              33.7631281
            ],
            [
              -84.4035421,
              33.7631523
            ],
            [
              -84.4036902,
              33.7633285
            ],
            [
              -84.403869,
              33.7635296
            ],
            [
              -84.4039428,
              33.7636111
            ],
            [
              -84.4039915,
              33.7636536
            ],
            [
              -84.4040894,
              33.7637263
            ],
            [
              -84.4041816,
              33.7638026
            ],
            [
              -84.4042974,
              33.7639068
            ],
            [
              -84.4044932,
              33.7640936
            ],
            [
              -84.4045426,
              33.7641601
            ],
            [
              -84.4045726,
              33.764191
            ],
            [
              -84.4047201,
              33.764343
            ],
            [
              -84.4047652,
              33.7643893
            ],
            [
              -84.4048675,
              33.7644365
            ],
            [
              -84.4048164,
              33.7643762
            ],
            [
              -84.4047824,
              33.7643413
            ],
            [
              -84.4046391,
              33.7641902
            ],
            [
              -84.4045846,
              33.7641368
            ],
            [
              -84.4044932,
              33.7640936
            ]
          ],
          [
            [
              -84.4280369,
              33.7862574
            ],
            [
              -84.4280403,
              33.7863242
            ],
            [
              -84.428039,
              33.7864169
            ]
          ],
          [
            [
              -84.4228192,
              33.7746292
            ],
            [
              -84.4228733,
              33.7746143
            ],
            [
              -84.4229211,
              33.7745946
            ],
            [
              -84.4230189,
              33.7745357
            ],
            [
              -84.4231247,
              33.7744783
            ],
            [
              -84.4232334,
              33.7744344
            ],
            [
              -84.4233477,
              33.7744031
            ],
            [
              -84.4234728,
              33.7743804
            ],
            [
              -84.4235594,
              33.7743537
            ]
          ],
          [
            [
              -84.4048675,
              33.7644365
            ],
            [
              -84.4052559,
              33.7648345
            ],
            [
              -84.4052796,
              33.7649044
            ],
            [
              -84.4052802,
              33.7649347
            ],
            [
              -84.405281,
              33.7649582
            ],
            [
              -84.4052818,
              33.7649816
            ],
            [
              -84.4054467,
              33.7649805
            ],
            [
              -84.4054651,
              33.7649827
            ],
            [
              -84.4054705,
              33.7649949
            ],
            [
              -84.4054705,
              33.7652113
            ],
            [
              -84.4054851,
              33.7652395
            ],
            [
              -84.4054828,
              33.7654246
            ],
            [
              -84.4054859,
              33.7654438
            ],
            [
              -84.4055044,
              33.7654771
            ],
            [
              -84.405549,
              33.7655462
            ],
            [
              -84.405723,
              33.7658893
            ],
            [
              -84.4058699,
              33.7661716
            ],
            [
              -84.4062878,
              33.7670103
            ],
            [
              -84.4065147,
              33.7675464
            ],
            [
              -84.4065621,
              33.7676542
            ],
            [
              -84.4067656,
              33.768106
            ],
            [
              -84.4068654,
              33.7683178
            ],
            [
              -84.4069118,
              33.7684195
            ],
            [
              -84.4073872,
              33.7694608
            ],
            [
              -84.4074701,
              33.7696046
            ],
            [
              -84.407512,
              33.769657
            ],
            [
              -84.407554,
              33.7697009
            ],
            [
              -84.4075797,
              33.7697312
            ],
            [
              -84.4076099,
              33.769771
            ],
            [
              -84.4076516,
              33.7698366
            ],
            [
              -84.4077136,
              33.7699614
            ],
            [
              -84.4077267,
              33.7699866
            ],
            [
              -84.4077314,
              33.7699955
            ],
            [
              -84.4077493,
              33.7700317
            ],
            [
              -84.4077686,
              33.7700706
            ],
            [
              -84.4079346,
              33.7704279
            ],
            [
              -84.4080437,
              33.7706238
            ],
            [
              -84.4081599,
              33.7707929
            ],
            [
              -84.4083799,
              33.7710858
            ],
            [
              -84.4083973,
              33.7711089
            ],
            [
              -84.4084066,
              33.7711191
            ],
            [
              -84.4084472,
              33.7711641
            ],
            [
              -84.4084864,
              33.7712098
            ],
            [
              -84.4092419,
              33.7719519
            ],
            [
              -84.409822,
              33.7725189
            ],
            [
              -84.4103064,
              33.7729911
            ],
            [
              -84.4105381,
              33.7732177
            ],
            [
              -84.4108012,
              33.7734712
            ],
            [
              -84.4109746,
              33.7736342
            ],
            [
              -84.411157,
              33.7738052
            ],
            [
              -84.4113579,
              33.7739651
            ],
            [
              -84.4113833,
              33.7739858
            ],
            [
              -84.4114324,
              33.7740259
            ],
            [
              -84.4114711,
              33.7740561
            ],
            [
              -84.4115238,
              33.7740972
            ],
            [
              -84.4116321,
              33.7741778
            ],
            [
              -84.4117708,
              33.77425
            ],
            [
              -84.411982,
              33.7743553
            ],
            [
              -84.4121712,
              33.7744408
            ],
            [
              -84.4123802,
              33.774525
            ],
            [
              -84.4124148,
              33.7745378
            ],
            [
              -84.4124617,
              33.7745552
            ],
            [
              -84.412541,
              33.7745766
            ],
            [
              -84.4128633,
              33.7746406
            ],
            [
              -84.4131379,
              33.7746979
            ],
            [
              -84.413574,
              33.7748097
            ],
            [
              -84.4138618,
              33.7748811
            ],
            [
              -84.4141163,
              33.7749619
            ],
            [
              -84.414254,
              33.7750095
            ],
            [
              -84.4143599,
              33.7750268
            ],
            [
              -84.4144753,
              33.7750282
            ],
            [
              -84.414575,
              33.7750102
            ],
            [
              -84.4146974,
              33.7749845
            ],
            [
              -84.4148035,
              33.7749768
            ],
            [
              -84.4149467,
              33.7749844
            ],
            [
              -84.4150628,
              33.7750046
            ],
            [
              -84.4152694,
              33.7750559
            ],
            [
              -84.4153878,
              33.7750815
            ],
            [
              -84.4154281,
              33.7750789
            ],
            [
              -84.4154684,
              33.7750763
            ],
            [
              -84.4155282,
              33.7750641
            ],
            [
              -84.4155942,
              33.7750438
            ],
            [
              -84.415683,
              33.7750095
            ],
            [
              -84.4157752,
              33.7749524
            ],
            [
              -84.4158737,
              33.7749045
            ],
            [
              -84.4159508,
              33.7748806
            ],
            [
              -84.416049,
              33.7748636
            ],
            [
              -84.4161519,
              33.7748578
            ],
            [
              -84.4162527,
              33.7748584
            ],
            [
              -84.4169252,
              33.7748666
            ],
            [
              -84.4170551,
              33.7748746
            ],
            [
              -84.41714,
              33.7748781
            ],
            [
              -84.4173003,
              33.7748804
            ],
            [
              -84.4173565,
              33.7748808
            ],
            [
              -84.4174304,
              33.7748814
            ],
            [
              -84.4175368,
              33.7748839
            ],
            [
              -84.418305,
              33.774895
            ],
            [
              -84.419692,
              33.774903
            ],
            [
              -84.4206213,
              33.7749016
            ],
            [
              -84.4209206,
              33.7748993
            ],
            [
              -84.421115,
              33.7748925
            ],
            [
              -84.4212202,
              33.7748804
            ],
            [
              -84.4213749,
              33.7748505
            ],
            [
              -84.4215098,
              33.7748281
            ],
            [
              -84.4216691,
              33.7748017
            ],
            [
              -84.422043,
              33.774753
            ],
            [
              -84.4228192,
              33.7746292
            ],
            [
              -84.4228556,
              33.7746234
            ],
            [
              -84.4230207,
              33.7746024
            ],
            [
              -84.4231263,
              33.7745943
            ],
            [
              -84.4231878,
              33.7745822
            ],
            [
              -84.4232375,
              33.7745645
            ],
            [
              -84.4232927,
              33.7745327
            ],
            [
              -84.4234107,
              33.774429
            ],
            [
              -84.4234728,
              33.7743804
            ]
          ]
        ]
      },
      "id": "relation/12321751"
    },
    {
      "type": "Feature",
      "properties": {
        "@id": "way/9254081",
        "bicycle": "designated",
        "electrified": "no",
        "foot": "designated",
        "gauge": "1435",
        "highway": "cycleway",
        "name": "Atlanta Beltline Northeast Trail",
        "oneway": "no",
        "segregated": "no",
        "surface": "concrete",
        "@relations": [
          {
            "role": "",
            "rel": 8408433,
            "reltags": {
              "name": "Atlanta Beltline Trail",
              "network": "lcn",
              "ref": "BELT",
              "route": "bicycle",
              "type": "route"
            }
          }
        ]
      },
      "geometry": {
        "type": "LineString",
        "coordinates": [
          [
            -84.3744029,
            33.8017416
          ],
          [
            -84.3743524,
            33.8016295
          ],
          [
            -84.3743173,
            33.8015196
          ],
          [
            -84.3743019,
            33.8014168
          ],
          [
            -84.3742809,
            33.8012902
          ],
          [
            -84.3742496,
            33.8012008
          ],
          [
            -84.3741201,
            33.80098
          ],
          [
            -84.373863,
            33.8005408
          ],
          [
            -84.3737786,
            33.8004225
          ],
          [
            -84.3736918,
            33.8003173
          ],
          [
            -84.3735137,
            33.8001227
          ],
          [
            -84.3734537,
            33.8000511
          ],
          [
            -84.373397,
            33.7999718
          ],
          [
            -84.3733286,
            33.7998577
          ],
          [
            -84.3731112,
            33.7994768
          ],
          [
            -84.3730691,
            33.7994031
          ],
          [
            -84.3730074,
            33.7992724
          ],
          [
            -84.3729955,
            33.7992299
          ],
          [
            -84.3729879,
            33.7991817
          ],
          [
            -84.372964,
            33.7989752
          ],
          [
            -84.3729496,
            33.7988879
          ],
          [
            -84.3729206,
            33.7987962
          ]
        ]
      },
      "id": "way/9254081"
    },
    {
      "type": "Feature",
      "properties": {
        "@id": "way/9267440",
        "bicycle": "designated",
        "foot": "designated",
        "highway": "cycleway",
        "name": "Atlanta Beltline Westside Trail",
        "oneway": "no",
        "segregated": "no",
        "surface": "concrete",
        "@relations": [
          {
            "role": "",
            "rel": 8408433,
            "reltags": {
              "name": "Atlanta Beltline Trail",
              "network": "lcn",
              "ref": "BELT",
              "route": "bicycle",
              "type": "route"
            }
          }
        ]
      },
      "geometry": {
        "type": "LineString",
        "coordinates": [
          [
            -84.4264136,
            33.7749682
          ],
          [
            -84.426436,
            33.7750781
          ],
          [
            -84.4264767,
            33.7753552
          ],
          [
            -84.4264746,
            33.7754143
          ],
          [
            -84.4264604,
            33.7754549
          ],
          [
            -84.4264238,
            33.775514
          ],
          [
            -84.4263608,
            33.7755647
          ],
          [
            -84.4262693,
            33.7756086
          ],
          [
            -84.4261656,
            33.7756458
          ],
          [
            -84.4261391,
            33.7756665
          ],
          [
            -84.426123,
            33.7757455
          ],
          [
            -84.4261148,
            33.7760057
          ],
          [
            -84.4261169,
            33.7761932
          ],
          [
            -84.4261352,
            33.7763825
          ],
          [
            -84.4261677,
            33.7765413
          ],
          [
            -84.426221,
            33.776749
          ],
          [
            -84.4262917,
            33.7770245
          ],
          [
            -84.4264502,
            33.7774317
          ],
          [
            -84.4265783,
            33.77767
          ],
          [
            -84.4267043,
            33.7779082
          ],
          [
            -84.4271251,
            33.7784506
          ],
          [
            -84.4274422,
            33.7787902
          ],
          [
            -84.4277126,
            33.7790301
          ],
          [
            -84.4284562,
            33.7796324
          ],
          [
            -84.4285887,
            33.7797397
          ],
          [
            -84.4286944,
            33.7797752
          ],
          [
            -84.4287466,
            33.7798053
          ],
          [
            -84.4288123,
            33.779848
          ],
          [
            -84.4288631,
            33.7799492
          ],
          [
            -84.4291558,
            33.7801841
          ],
          [
            -84.4293042,
            33.7803378
          ],
          [
            -84.4294627,
            33.7805254
          ],
          [
            -84.429601,
            33.7807585
          ],
          [
            -84.4297046,
            33.7809782
          ],
          [
            -84.4297636,
            33.781159
          ],
          [
            -84.4298022,
            33.7813668
          ],
          [
            -84.4298102,
            33.7814374
          ],
          [
            -84.4298144,
            33.7814749
          ],
          [
            -84.4298205,
            33.7816827
          ],
          [
            -84.4298144,
            33.7820527
          ],
          [
            -84.42979,
            33.7822521
          ],
          [
            -84.4297595,
            33.7824565
          ],
          [
            -84.4297275,
            33.7825688
          ],
          [
            -84.4297046,
            33.7826491
          ],
          [
            -84.4296254,
            33.7828417
          ],
          [
            -84.4295115,
            33.7830462
          ],
          [
            -84.4294058,
            33.783205
          ],
          [
            -84.42929,
            33.7833486
          ],
          [
            -84.4291436,
            33.783504
          ],
          [
            -84.4290786,
            33.7835631
          ],
          [
            -84.4290225,
            33.7836196
          ],
          [
            -84.4284159,
            33.7842305
          ],
          [
            -84.4281963,
            33.7845177
          ],
          [
            -84.4280805,
            33.7846985
          ],
          [
            -84.4280114,
            33.7848471
          ],
          [
            -84.4279666,
            33.7849536
          ],
          [
            -84.4279057,
            33.7851665
          ],
          [
            -84.4278792,
            33.7853253
          ],
          [
            -84.4278711,
            33.7856006
          ],
          [
            -84.4278861,
            33.7857093
          ],
          [
            -84.4279056,
            33.7858504
          ],
          [
            -84.4279644,
            33.7859292
          ],
          [
            -84.4279836,
            33.7859667
          ],
          [
            -84.4279882,
            33.7860106
          ],
          [
            -84.4279953,
            33.7861475
          ],
          [
            -84.4280353,
            33.7862265
          ],
          [
            -84.4280369,
            33.7862574
          ]
        ]
      },
      "id": "way/9267440"
    },
    {
      "type": "Feature",
      "properties": {
        "@id": "way/38981770",
        "abandoned:railway": "rail",
        "bicycle": "designated",
        "electrified": "no",
        "end_date:railway": "2017",
        "foot": "designated",
        "gauge": "1435",
        "highway": "cycleway",
        "name": "Atlanta Beltline Northeast Trail",
        "old_railway_operator": "Southern",
        "oneway": "no",
        "operator": "Norfolk Southern Railway",
        "operator:wikidata": "Q1321054",
        "railway": "abandoned",
        "segregated": "no",
        "surface": "concrete",
        "@relations": [
          {
            "role": "",
            "rel": 8408433,
            "reltags": {
              "name": "Atlanta Beltline Trail",
              "network": "lcn",
              "ref": "BELT",
              "route": "bicycle",
              "type": "route"
            }
          }
        ]
      },
      "geometry": {
        "type": "LineString",
        "coordinates": [
          [
            -84.3776222,
            33.8084335
          ],
          [
            -84.3775799,
            33.8082306
          ],
          [
            -84.3775516,
            33.8081042
          ],
          [
            -84.3775064,
            33.8079038
          ]
        ]
      },
      "id": "way/38981770"
    },
    {
      "type": "Feature",
      "properties": {
        "@id": "way/38981771",
        "abandoned:railway": "rail",
        "bicycle": "designated",
        "electrified": "no",
        "end_date:railway": "2017",
        "foot": "designated",
        "gauge": "1435",
        "highway": "cycleway",
        "layer": "-1",
        "name": "Atlanta Beltline Northeast Trail",
        "old_railway_operator": "Southern",
        "oneway": "no",
        "operator": "Norfolk Southern Railway",
        "operator:wikidata": "Q1321054",
        "railway": "abandoned",
        "segregated": "no",
        "surface": "concrete",
        "tunnel": "yes",
        "@relations": [
          {
            "role": "",
            "rel": 8408433,
            "reltags": {
              "name": "Atlanta Beltline Trail",
              "network": "lcn",
              "ref": "BELT",
              "route": "bicycle",
              "type": "route"
            }
          }
        ]
      },
      "geometry": {
        "type": "LineString",
        "coordinates": [
          [
            -84.3777076,
            33.8091365
          ],
          [
            -84.3776222,
            33.8084335
          ]
        ]
      },
      "id": "way/38981771"
    },
    {
      "type": "Feature",
      "properties": {
        "@id": "way/38981784",
        "abandoned:railway": "rail",
        "bicycle": "designated",
        "electrified": "no",
        "end_date:railway": "2017",
        "foot": "designated",
        "gauge": "1435",
        "highway": "cycleway",
        "name": "Atlanta Beltline Northeast Trail",
        "old_railway_operator": "Southern",
        "oneway": "no",
        "railway": "abandoned",
        "segregated": "no",
        "surface": "concrete",
        "@relations": [
          {
            "role": "",
            "rel": 8408433,
            "reltags": {
              "name": "Atlanta Beltline Trail",
              "network": "lcn",
              "ref": "BELT",
              "route": "bicycle",
              "type": "route"
            }
          }
        ]
      },
      "geometry": {
        "type": "LineString",
        "coordinates": [
          [
            -84.3774234,
            33.8073894
          ],
          [
            -84.3773703,
            33.8071326
          ],
          [
            -84.377315,
            33.8069153
          ],
          [
            -84.3772508,
            33.8066446
          ],
          [
            -84.3772215,
            33.8065466
          ],
          [
            -84.3771468,
            33.8063597
          ],
          [
            -84.377093,
            33.8062475
          ]
        ]
      },
      "id": "way/38981784"
    },
    {
      "type": "Feature",
      "properties": {
        "@id": "way/46184492",
        "abandoned:railway": "rail",
        "bicycle": "designated",
        "bridge": "yes",
        "foot": "designated",
        "highway": "cycleway",
        "historic:operator": "A&WP",
        "layer": "1",
        "lit": "yes",
        "motor_vehicle": "no",
        "name": "Atlanta Beltline Southeast Trail",
        "oneway": "no",
        "railway": "abandoned",
        "segregated": "no",
        "start_date": "2017-10-23",
        "surface": "concrete",
        "@relations": [
          {
            "role": "",
            "rel": 8408433,
            "reltags": {
              "name": "Atlanta Beltline Trail",
              "network": "lcn",
              "ref": "BELT",
              "route": "bicycle",
              "type": "route"
            }
          }
        ]
      },
      "geometry": {
        "type": "LineString",
        "coordinates": [
          [
            -84.3576901,
            33.7491768
          ],
          [
            -84.3577194,
            33.7490881
          ]
        ]
      },
      "id": "way/46184492"
    },
    {
      "type": "Feature",
      "properties": {
        "@id": "way/46184493",
        "abandoned:railway": "rail",
        "bicycle": "designated",
        "foot": "designated",
        "highway": "cycleway",
        "historic:operator": "A&WP",
        "lit": "yes",
        "motor_vehicle": "no",
        "name": "Atlanta Beltline Southeast Trail",
        "oneway": "no",
        "railway": "abandoned",
        "segregated": "no",
        "start_date": "2017-10-23",
        "surface": "concrete",
        "@relations": [
          {
            "role": "",
            "rel": 8408433,
            "reltags": {
              "name": "Atlanta Beltline Trail",
              "network": "lcn",
              "ref": "BELT",
              "route": "bicycle",
              "type": "route"
            }
          }
        ]
      },
      "geometry": {
        "type": "LineString",
        "coordinates": [
          [
            -84.3577194,
            33.7490881
          ],
          [
            -84.3577948,
            33.7488419
          ],
          [
            -84.3578913,
            33.7485181
          ],
          [
            -84.35792,
            33.7483437
          ],
          [
            -84.3579221,
            33.7482539
          ],
          [
            -84.3579137,
            33.7481387
          ],
          [
            -84.3579164,
            33.7480378
          ],
          [
            -84.3579467,
            33.7479276
          ],
          [
            -84.357983,
            33.7478364
          ],
          [
            -84.3580676,
            33.7476813
          ],
          [
            -84.3580779,
            33.747661
          ],
          [
            -84.3581113,
            33.747595
          ],
          [
            -84.3581373,
            33.7475015
          ],
          [
            -84.3582378,
            33.7467125
          ],
          [
            -84.3582413,
            33.7466629
          ]
        ]
      },
      "id": "way/46184493"
    },
    {
      "type": "Feature",
      "properties": {
        "@id": "way/46184520",
        "abandoned:railway": "rail",
        "bicycle": "designated",
        "foot": "designated",
        "highway": "cycleway",
        "name": "Atlanta Beltline Southside Trail",
        "railway": "abandoned",
        "segregated": "no",
        "surface": "concrete",
        "tunnel": "yes",
        "@relations": [
          {
            "role": "",
            "rel": 8408433,
            "reltags": {
              "name": "Atlanta Beltline Trail",
              "network": "lcn",
              "ref": "BELT",
              "route": "bicycle",
              "type": "route"
            }
          }
        ]
      },
      "geometry": {
        "type": "LineString",
        "coordinates": [
          [
            -84.3883029,
            33.7215536
          ],
          [
            -84.3877701,
            33.7218454
          ],
          [
            -84.3876431,
            33.721915
          ]
        ]
      },
      "id": "way/46184520"
    },
    {
      "type": "Feature",
      "properties": {
        "@id": "way/54032231",
        "bicycle": "designated",
        "foot": "designated",
        "highway": "cycleway",
        "name": "Atlanta Beltline Westside Trail",
        "oneway": "no",
        "segregated": "no",
        "surface": "concrete",
        "width": "2",
        "@relations": [
          {
            "role": "",
            "rel": 8408433,
            "reltags": {
              "name": "Atlanta Beltline Trail",
              "network": "lcn",
              "ref": "BELT",
              "route": "bicycle",
              "type": "route"
            }
          }
        ]
      },
      "geometry": {
        "type": "LineString",
        "coordinates": [
          [
            -84.4235594,
            33.7743537
          ],
          [
            -84.4234971,
            33.7742584
          ],
          [
            -84.4233749,
            33.7740795
          ],
          [
            -84.4233568,
            33.7739966
          ],
          [
            -84.4233584,
            33.7738717
          ],
          [
            -84.4234651,
            33.7735996
          ],
          [
            -84.4235677,
            33.7734196
          ],
          [
            -84.423621,
            33.773276
          ],
          [
            -84.4237539,
            33.7729686
          ],
          [
            -84.4238064,
            33.7728108
          ],
          [
            -84.423813,
            33.772791
          ],
          [
            -84.4238227,
            33.7727446
          ],
          [
            -84.423848,
            33.772624
          ],
          [
            -84.423866,
            33.772426
          ],
          [
            -84.423872,
            33.772253
          ],
          [
            -84.423864,
            33.7721
          ],
          [
            -84.423803,
            33.771702
          ],
          [
            -84.4237918,
            33.7716606
          ],
          [
            -84.423611,
            33.77099
          ],
          [
            -84.4233215,
            33.7700363
          ],
          [
            -84.423156,
            33.7694911
          ],
          [
            -84.423091,
            33.769277
          ],
          [
            -84.423013,
            33.769005
          ],
          [
            -84.4229541,
            33.7688006
          ],
          [
            -84.422928,
            33.76871
          ],
          [
            -84.422901,
            33.7685932
          ],
          [
            -84.4228547,
            33.7682512
          ],
          [
            -84.422834,
            33.768026
          ],
          [
            -84.4228359,
            33.7678365
          ],
          [
            -84.4228492,
            33.767679
          ],
          [
            -84.4228792,
            33.7675342
          ],
          [
            -84.422927,
            33.767366
          ],
          [
            -84.422969,
            33.7672572
          ],
          [
            -84.4230082,
            33.7671552
          ],
          [
            -84.4230437,
            33.7670729
          ],
          [
            -84.4230831,
            33.7670076
          ],
          [
            -84.423123,
            33.7669315
          ],
          [
            -84.423271,
            33.7667091
          ],
          [
            -84.4233779,
            33.7665792
          ],
          [
            -84.4234878,
            33.7664549
          ],
          [
            -84.4235312,
            33.7664106
          ],
          [
            -84.4236061,
            33.7663355
          ],
          [
            -84.4237188,
            33.7662386
          ],
          [
            -84.4238005,
            33.766165
          ],
          [
            -84.4239255,
            33.7660656
          ],
          [
            -84.424082,
            33.765975
          ],
          [
            -84.4243308,
            33.7658696
          ]
        ]
      },
      "id": "way/54032231"
    },
    {
      "type": "Feature",
      "properties": {
        "@id": "way/54044484",
        "bicycle": "designated",
        "electrified": "no",
        "foot": "designated",
        "gauge": "1435",
        "highway": "cycleway",
        "name": "Atlanta Beltline Northeast Trail",
        "oneway": "no",
        "segregated": "no",
        "surface": "concrete",
        "@relations": [
          {
            "role": "",
            "rel": 8408433,
            "reltags": {
              "name": "Atlanta Beltline Trail",
              "network": "lcn",
              "ref": "BELT",
              "route": "bicycle",
              "type": "route"
            }
          }
        ]
      },
      "geometry": {
        "type": "LineString",
        "coordinates": [
          [
            -84.377093,
            33.8062475
          ],
          [
            -84.3770157,
            33.8061324
          ],
          [
            -84.3769522,
            33.8060613
          ],
          [
            -84.3768758,
            33.8060007
          ],
          [
            -84.3768415,
            33.8059524
          ],
          [
            -84.3764964,
            33.8053481
          ],
          [
            -84.3763635,
            33.8051235
          ],
          [
            -84.3763135,
            33.8050432
          ],
          [
            -84.3762155,
            33.8049075
          ],
          [
            -84.3761874,
            33.804865
          ],
          [
            -84.3747452,
            33.8023364
          ],
          [
            -84.3744029,
            33.8017416
          ]
        ]
      },
      "id": "way/54044484"
    },
    {
      "type": "Feature",
      "properties": {
        "@id": "way/79430013",
        "abandoned:railway": "rail",
        "bicycle": "designated",
        "foot": "designated",
        "highway": "cycleway",
        "historic:operator": "A&WP",
        "lit": "yes",
        "motor_vehicle": "no",
        "name": "Atlanta Beltline Southeast Trail",
        "oneway": "no",
        "railway": "abandoned",
        "segregated": "no",
        "start_date": "2017-10-23",
        "surface": "concrete",
        "@relations": [
          {
            "role": "",
            "rel": 8408433,
            "reltags": {
              "name": "Atlanta Beltline Trail",
              "network": "lcn",
              "ref": "BELT",
              "route": "bicycle",
              "type": "route"
            }
          }
        ]
      },
      "geometry": {
        "type": "LineString",
        "coordinates": [
          [
            -84.3573942,
            33.7501765
          ],
          [
            -84.3575526,
            33.7496212
          ],
          [
            -84.3575557,
            33.7496103
          ],
          [
            -84.3576214,
            33.7493759
          ],
          [
            -84.3576901,
            33.7491768
          ]
        ]
      },
      "id": "way/79430013"
    },
    {
      "type": "Feature",
      "properties": {
        "@id": "way/83291376",
        "abandoned:railway": "rail",
        "bicycle": "designated",
        "bridge": "yes",
        "foot": "designated",
        "highway": "cycleway",
        "layer": "2",
        "motor_vehicle": "no",
        "name": "Atlanta Beltline Eastside Trail",
        "old_railway_operator": "Southern",
        "railway": "abandoned",
        "segregated": "no",
        "surface": "concrete",
        "@relations": [
          {
            "role": "",
            "rel": 8408433,
            "reltags": {
              "name": "Atlanta Beltline Trail",
              "network": "lcn",
              "ref": "BELT",
              "route": "bicycle",
              "type": "route"
            }
          }
        ]
      },
      "geometry": {
        "type": "LineString",
        "coordinates": [
          [
            -84.3609193,
            33.7675768
          ],
          [
            -84.3607051,
            33.7673668
          ]
        ]
      },
      "id": "way/83291376"
    },
    {
      "type": "Feature",
      "properties": {
        "@id": "way/83291377",
        "abandoned:railway": "rail",
        "bicycle": "designated",
        "foot": "designated",
        "highway": "cycleway",
        "motor_vehicle": "no",
        "name": "Atlanta Beltline Eastside Trail",
        "oneway": "no",
        "railway": "abandoned",
        "segregated": "no",
        "surface": "concrete",
        "@relations": [
          {
            "role": "",
            "rel": 8408433,
            "reltags": {
              "name": "Atlanta Beltline Trail",
              "network": "lcn",
              "ref": "BELT",
              "route": "bicycle",
              "type": "route"
            }
          }
        ]
      },
      "geometry": {
        "type": "LineString",
        "coordinates": [
          [
            -84.3607051,
            33.7673668
          ],
          [
            -84.3603843,
            33.7670292
          ],
          [
            -84.3601383,
            33.7667116
          ],
          [
            -84.359933,
            33.7663694
          ],
          [
            -84.3598892,
            33.7662729
          ],
          [
            -84.3598375,
            33.766159
          ],
          [
            -84.3597415,
            33.7658815
          ],
          [
            -84.3596759,
            33.7656546
          ],
          [
            -84.359619,
            33.7653749
          ],
          [
            -84.3595905,
            33.7651544
          ],
          [
            -84.3595915,
            33.7649702
          ],
          [
            -84.3595895,
            33.7648705
          ],
          [
            -84.3596177,
            33.7646529
          ],
          [
            -84.3596159,
            33.7641911
          ],
          [
            -84.3596399,
            33.7640858
          ],
          [
            -84.3596779,
            33.7639191
          ],
          [
            -84.3597684,
            33.7636369
          ],
          [
            -84.3598542,
            33.7634092
          ],
          [
            -84.3598802,
            33.7633403
          ],
          [
            -84.3598959,
            33.7633022
          ],
          [
            -84.3599525,
            33.7631644
          ],
          [
            -84.3600428,
            33.7629761
          ],
          [
            -84.3602135,
            33.7627074
          ],
          [
            -84.3603352,
            33.7625444
          ],
          [
            -84.3604245,
            33.7624302
          ],
          [
            -84.3605117,
            33.7623316
          ],
          [
            -84.360534,
            33.7623064
          ],
          [
            -84.3606445,
            33.762181
          ],
          [
            -84.360865,
            33.7619368
          ],
          [
            -84.3611222,
            33.7617197
          ],
          [
            -84.361834,
            33.7611551
          ],
          [
            -84.3618509,
            33.7611417
          ],
          [
            -84.3624734,
            33.7607308
          ],
          [
            -84.3625237,
            33.7606973
          ],
          [
            -84.3629841,
            33.7603884
          ],
          [
            -84.3633582,
            33.7601075
          ],
          [
            -84.3636928,
            33.7597947
          ],
          [
            -84.3638165,
            33.7596645
          ],
          [
            -84.3639721,
            33.7594889
          ],
          [
            -84.3640916,
            33.7593445
          ],
          [
            -84.3643237,
            33.7590002
          ],
          [
            -84.3645108,
            33.7586624
          ],
          [
            -84.3646159,
            33.7584641
          ],
          [
            -84.3647672,
            33.7580436
          ],
          [
            -84.3648823,
            33.7576141
          ]
        ]
      },
      "id": "way/83291377"
    },
    {
      "type": "Feature",
      "properties": {
        "@id": "way/83291378",
        "abandoned:railway": "rail",
        "bicycle": "designated",
        "foot": "designated",
        "highway": "cycleway",
        "motor_vehicle": "no",
        "name": "Atlanta Beltline Eastside Trail",
        "old_railway_operator": "Southern",
        "oneway": "no",
        "railway": "abandoned",
        "segregated": "no",
        "surface": "concrete",
        "@relations": [
          {
            "role": "",
            "rel": 8408433,
            "reltags": {
              "name": "Atlanta Beltline Trail",
              "network": "lcn",
              "ref": "BELT",
              "route": "bicycle",
              "type": "route"
            }
          }
        ]
      },
      "geometry": {
        "type": "LineString",
        "coordinates": [
          [
            -84.3645614,
            33.7732178
          ],
          [
            -84.3644118,
            33.7726315
          ],
          [
            -84.364281,
            33.7721429
          ],
          [
            -84.3642766,
            33.772126
          ],
          [
            -84.3642293,
            33.7719906
          ],
          [
            -84.3639777,
            33.7714248
          ],
          [
            -84.3639703,
            33.7713699
          ],
          [
            -84.3639878,
            33.7713147
          ],
          [
            -84.363989,
            33.7712585
          ]
        ]
      },
      "id": "way/83291378"
    },
    {
      "type": "Feature",
      "properties": {
        "@id": "way/83291379",
        "abandoned:railway": "rail",
        "bicycle": "designated",
        "bridge": "yes",
        "foot": "designated",
        "highway": "cycleway",
        "layer": "2",
        "level": "1",
        "motor_vehicle": "no",
        "name": "Atlanta BeltLine Eastside Trail",
        "old_railway_operator": "Southern",
        "railway": "abandoned",
        "segregated": "no",
        "surface": "paved",
        "@relations": [
          {
            "role": "",
            "rel": 8408433,
            "reltags": {
              "name": "Atlanta Beltline Trail",
              "network": "lcn",
              "ref": "BELT",
              "route": "bicycle",
              "type": "route"
            }
          }
        ]
      },
      "geometry": {
        "type": "LineString",
        "coordinates": [
          [
            -84.3646342,
            33.7735069
          ],
          [
            -84.3645614,
            33.7732178
          ]
        ]
      },
      "id": "way/83291379"
    },
    {
      "type": "Feature",
      "properties": {
        "@id": "way/83294497",
        "abandoned:railway": "rail",
        "bicycle": "designated",
        "bridge": "yes",
        "foot": "designated",
        "highway": "cycleway",
        "layer": "1",
        "motor_vehicle": "no",
        "name": "Atlanta Beltline Eastside Trail",
        "old_railway_operator": "Southern",
        "railway": "abandoned",
        "segregated": "no",
        "surface": "paved",
        "@relations": [
          {
            "role": "",
            "rel": 8408433,
            "reltags": {
              "name": "Atlanta Beltline Trail",
              "network": "lcn",
              "ref": "BELT",
              "route": "bicycle",
              "type": "route"
            }
          }
        ]
      },
      "geometry": {
        "type": "LineString",
        "coordinates": [
          [
            -84.363989,
            33.7712585
          ],
          [
            -84.3638814,
            33.7710051
          ]
        ]
      },
      "id": "way/83294497"
    },
    {
      "type": "Feature",
      "properties": {
        "@id": "way/83294499",
        "abandoned:railway": "rail",
        "bicycle": "designated",
        "foot": "designated",
        "highway": "cycleway",
        "motor_vehicle": "no",
        "name": "Atlanta Beltline Eastside Trail",
        "old_railway_operator": "Southern",
        "oneway": "no",
        "railway": "abandoned",
        "segregated": "no",
        "surface": "concrete",
        "@relations": [
          {
            "role": "",
            "rel": 8408433,
            "reltags": {
              "name": "Atlanta Beltline Trail",
              "network": "lcn",
              "ref": "BELT",
              "route": "bicycle",
              "type": "route"
            }
          }
        ]
      },
      "geometry": {
        "type": "LineString",
        "coordinates": [
          [
            -84.3638814,
            33.7710051
          ],
          [
            -84.3638614,
            33.7709732
          ],
          [
            -84.3637857,
            33.770927
          ],
          [
            -84.3637581,
            33.7708986
          ],
          [
            -84.363736,
            33.7708574
          ],
          [
            -84.3637301,
            33.7708465
          ],
          [
            -84.3635581,
            33.7705165
          ],
          [
            -84.3633428,
            33.7702008
          ],
          [
            -84.3632903,
            33.7701239
          ],
          [
            -84.3627584,
            33.7694354
          ],
          [
            -84.3625661,
            33.7692162
          ],
          [
            -84.3623737,
            33.7689969
          ],
          [
            -84.3623528,
            33.7689767
          ],
          [
            -84.3621548,
            33.7687852
          ],
          [
            -84.362129,
            33.7687602
          ],
          [
            -84.3618956,
            33.7685346
          ],
          [
            -84.361836,
            33.768477
          ],
          [
            -84.3615654,
            33.7682075
          ],
          [
            -84.3613076,
            33.7679507
          ],
          [
            -84.3610677,
            33.7677247
          ],
          [
            -84.3609193,
            33.7675768
          ]
        ]
      },
      "id": "way/83294499"
    },
    {
      "type": "Feature",
      "properties": {
        "@id": "way/89487193",
        "bicycle": "designated",
        "foot": "designated",
        "highway": "cycleway",
        "motorcycle": "no",
        "name": "Atlanta Beltline Northside Trail",
        "oneway": "no",
        "surface": "concrete",
        "website": "https://beltline.org/trails/northside-trail/",
        "width": "3",
        "@relations": [
          {
            "role": "",
            "rel": 8408433,
            "reltags": {
              "name": "Atlanta Beltline Trail",
              "network": "lcn",
              "ref": "BELT",
              "route": "bicycle",
              "type": "route"
            }
          }
        ]
      },
      "geometry": {
        "type": "LineString",
        "coordinates": [
          [
            -84.397944,
            33.812947
          ],
          [
            -84.399266,
            33.812965
          ],
          [
            -84.399328,
            33.812981
          ],
          [
            -84.399654,
            33.812982
          ],
          [
            -84.399865,
            33.81302
          ],
          [
            -84.400303,
            33.813177
          ],
          [
            -84.400356,
            33.8131868
          ],
          [
            -84.4004097,
            33.8131928
          ],
          [
            -84.400463,
            33.8131906
          ],
          [
            -84.400517,
            33.81318
          ],
          [
            -84.400617,
            33.813145
          ],
          [
            -84.40089,
            33.813
          ],
          [
            -84.401139,
            33.812891
          ],
          [
            -84.401756,
            33.812797
          ],
          [
            -84.4018686,
            33.8127724
          ],
          [
            -84.4019698,
            33.812735
          ],
          [
            -84.4020199,
            33.8126999
          ],
          [
            -84.4020565,
            33.8126581
          ],
          [
            -84.4020729,
            33.8126344
          ],
          [
            -84.4020864,
            33.8126042
          ],
          [
            -84.4020985,
            33.812565
          ],
          [
            -84.402128,
            33.812365
          ],
          [
            -84.4021372,
            33.8123315
          ],
          [
            -84.4021505,
            33.812298
          ],
          [
            -84.4021729,
            33.8122689
          ]
        ]
      },
      "id": "way/89487193"
    },
    {
      "type": "Feature",
      "properties": {
        "@id": "way/89487195",
        "bicycle": "designated",
        "foot": "designated",
        "highway": "cycleway",
        "motorcycle": "no",
        "name": "Beltline Access Line",
        "@relations": [
          {
            "role": "",
            "rel": 8408433,
            "reltags": {
              "name": "Atlanta Beltline Trail",
              "network": "lcn",
              "ref": "BELT",
              "route": "bicycle",
              "type": "route"
            }
          }
        ]
      },
      "geometry": {
        "type": "LineString",
        "coordinates": [
          [
            -84.4002349,
            33.806271
          ],
          [
            -84.4002295,
            33.8063624
          ],
          [
            -84.400141,
            33.8064694
          ],
          [
            -84.399913,
            33.80667
          ],
          [
            -84.399846,
            33.8067212
          ],
          [
            -84.3997789,
            33.8067279
          ],
          [
            -84.3996234,
            33.8066922
          ],
          [
            -84.3992988,
            33.8066298
          ],
          [
            -84.3991942,
            33.8066142
          ],
          [
            -84.3990118,
            33.8066009
          ],
          [
            -84.3989467,
            33.8065928
          ]
        ]
      },
      "id": "way/89487195"
    },
    {
      "type": "Feature",
      "properties": {
        "@id": "way/89492927",
        "bicycle": "designated",
        "foot": "designated",
        "highway": "cycleway",
        "motorcycle": "no",
        "name": "Atlanta Beltline Northside Trail",
        "oneway": "no",
        "surface": "concrete",
        "website": "https://beltline.org/trails/northside-trail/",
        "width": "3",
        "@relations": [
          {
            "role": "",
            "rel": 8408433,
            "reltags": {
              "name": "Atlanta Beltline Trail",
              "network": "lcn",
              "ref": "BELT",
              "route": "bicycle",
              "type": "route"
            }
          }
        ]
      },
      "geometry": {
        "type": "LineString",
        "coordinates": [
          [
            -84.4027386,
            33.810412
          ],
          [
            -84.4029413,
            33.8103606
          ],
          [
            -84.403086,
            33.8102973
          ],
          [
            -84.4031088,
            33.8102842
          ],
          [
            -84.4031812,
            33.8102427
          ]
        ]
      },
      "id": "way/89492927"
    },
    {
      "type": "Feature",
      "properties": {
        "@id": "way/89492929",
        "bicycle": "designated",
        "bridge": "yes",
        "foot": "designated",
        "highway": "cycleway",
        "layer": "1",
        "motorcycle": "no",
        "name": "Atlanta Beltline Northside Trail",
        "oneway": "no",
        "surface": "concrete",
        "website": "https://beltline.org/trails/northside-trail/",
        "width": "3",
        "@relations": [
          {
            "role": "",
            "rel": 8408433,
            "reltags": {
              "name": "Atlanta Beltline Trail",
              "network": "lcn",
              "ref": "BELT",
              "route": "bicycle",
              "type": "route"
            }
          }
        ]
      },
      "geometry": {
        "type": "LineString",
        "coordinates": [
          [
            -84.4031812,
            33.8102427
          ],
          [
            -84.4032067,
            33.8101802
          ],
          [
            -84.4032237,
            33.8101401
          ],
          [
            -84.4032389,
            33.8100443
          ]
        ]
      },
      "id": "way/89492929"
    },
    {
      "type": "Feature",
      "properties": {
        "@id": "way/89492931",
        "bicycle": "designated",
        "foot": "designated",
        "highway": "cycleway",
        "motorcycle": "no",
        "name": "Atlanta Beltline Northside Trail",
        "oneway": "no",
        "surface": "concrete",
        "website": "https://beltline.org/trails/northside-trail/",
        "width": "3",
        "@relations": [
          {
            "role": "",
            "rel": 8408433,
            "reltags": {
              "name": "Atlanta Beltline Trail",
              "network": "lcn",
              "ref": "BELT",
              "route": "bicycle",
              "type": "route"
            }
          }
        ]
      },
      "geometry": {
        "type": "LineString",
        "coordinates": [
          [
            -84.4032389,
            33.8100443
          ],
          [
            -84.4032424,
            33.8100143
          ],
          [
            -84.4032483,
            33.809963
          ],
          [
            -84.4032551,
            33.8098636
          ],
          [
            -84.4032511,
            33.8097934
          ],
          [
            -84.4032363,
            33.8097254
          ],
          [
            -84.4031478,
            33.8095694
          ],
          [
            -84.4030378,
            33.809429
          ],
          [
            -84.402952,
            33.8092909
          ],
          [
            -84.4028822,
            33.8091638
          ],
          [
            -84.4028098,
            33.8090435
          ],
          [
            -84.4027964,
            33.8089956
          ],
          [
            -84.4027911,
            33.808941
          ],
          [
            -84.4027884,
            33.8088407
          ],
          [
            -84.4027374,
            33.8087159
          ],
          [
            -84.4025121,
            33.8083348
          ],
          [
            -84.4023699,
            33.8080651
          ],
          [
            -84.4022761,
            33.8079225
          ],
          [
            -84.4021956,
            33.8077687
          ],
          [
            -84.4021262,
            33.8075525
          ],
          [
            -84.4020729,
            33.8074445
          ],
          [
            -84.4020594,
            33.8074296
          ],
          [
            -84.4020378,
            33.8074181
          ],
          [
            -84.4019941,
            33.8074147
          ],
          [
            -84.4018736,
            33.8074248
          ]
        ]
      },
      "id": "way/89492931"
    },
    {
      "type": "Feature",
      "properties": {
        "@id": "way/89492933",
        "bicycle": "designated",
        "foot": "designated",
        "highway": "cycleway",
        "motorcycle": "no",
        "name": "Atlanta Beltline Northside Trail",
        "oneway": "no",
        "surface": "concrete",
        "website": "https://beltline.org/trails/northside-trail/",
        "width": "3",
        "@relations": [
          {
            "role": "",
            "rel": 8408433,
            "reltags": {
              "name": "Atlanta Beltline Trail",
              "network": "lcn",
              "ref": "BELT",
              "route": "bicycle",
              "type": "route"
            }
          }
        ]
      },
      "geometry": {
        "type": "LineString",
        "coordinates": [
          [
            -84.4023761,
            33.8120131
          ],
          [
            -84.4024173,
            33.8119198
          ],
          [
            -84.4024233,
            33.811884
          ],
          [
            -84.4024229,
            33.811851
          ],
          [
            -84.4024007,
            33.811773
          ],
          [
            -84.4023652,
            33.8116978
          ],
          [
            -84.4023354,
            33.811656
          ],
          [
            -84.4022948,
            33.8116114
          ],
          [
            -84.4022385,
            33.8115758
          ],
          [
            -84.4021831,
            33.8115541
          ],
          [
            -84.4021232,
            33.8115284
          ],
          [
            -84.4019408,
            33.8114682
          ],
          [
            -84.4017906,
            33.811359
          ],
          [
            -84.401517,
            33.8111562
          ],
          [
            -84.401399,
            33.8110626
          ],
          [
            -84.4013725,
            33.8110316
          ],
          [
            -84.4013527,
            33.8109994
          ],
          [
            -84.4013239,
            33.8109601
          ],
          [
            -84.4013192,
            33.8109323
          ],
          [
            -84.4013239,
            33.8109044
          ],
          [
            -84.4013487,
            33.8108665
          ],
          [
            -84.4013775,
            33.8108308
          ],
          [
            -84.401517,
            33.8107573
          ],
          [
            -84.4017048,
            33.8107194
          ],
          [
            -84.4018818,
            33.8106971
          ],
          [
            -84.4019998,
            33.8106993
          ],
          [
            -84.4021876,
            33.8106993
          ],
          [
            -84.4023163,
            33.8106815
          ],
          [
            -84.4023646,
            33.8106648
          ],
          [
            -84.4024129,
            33.8106414
          ],
          [
            -84.402496,
            33.8105723
          ],
          [
            -84.4025509,
            33.810509
          ]
        ]
      },
      "id": "way/89492933"
    },
    {
      "type": "Feature",
      "properties": {
        "@id": "way/89492935",
        "bicycle": "designated",
        "bridge": "yes",
        "foot": "designated",
        "highway": "cycleway",
        "layer": "1",
        "motorcycle": "no",
        "name": "Atlanta Beltline Northside Trail",
        "oneway": "no",
        "surface": "concrete",
        "website": "https://beltline.org/trails/northside-trail/",
        "width": "3",
        "@relations": [
          {
            "role": "",
            "rel": 8408433,
            "reltags": {
              "name": "Atlanta Beltline Trail",
              "network": "lcn",
              "ref": "BELT",
              "route": "bicycle",
              "type": "route"
            }
          }
        ]
      },
      "geometry": {
        "type": "LineString",
        "coordinates": [
          [
            -84.4021729,
            33.8122689
          ],
          [
            -84.4023761,
            33.8120131
          ]
        ]
      },
      "id": "way/89492935"
    },
    {
      "type": "Feature",
      "properties": {
        "@id": "way/89492937",
        "bicycle": "designated",
        "foot": "designated",
        "highway": "cycleway",
        "motorcycle": "no",
        "name": "Atlanta Beltline Northside Trail",
        "oneway": "no",
        "@relations": [
          {
            "role": "",
            "rel": 8408433,
            "reltags": {
              "name": "Atlanta Beltline Trail",
              "network": "lcn",
              "ref": "BELT",
              "route": "bicycle",
              "type": "route"
            }
          }
        ]
      },
      "geometry": {
        "type": "LineString",
        "coordinates": [
          [
            -84.4002349,
            33.806271
          ],
          [
            -84.4001223,
            33.8061239
          ],
          [
            -84.4001008,
            33.8060147
          ],
          [
            -84.4001437,
            33.8058476
          ],
          [
            -84.4002725,
            33.8055913
          ],
          [
            -84.4003556,
            33.8054598
          ],
          [
            -84.40042,
            33.805306
          ],
          [
            -84.4005058,
            33.8052035
          ],
          [
            -84.4005434,
            33.8050965
          ],
          [
            -84.4005353,
            33.804985
          ],
          [
            -84.4005031,
            33.8048937
          ]
        ]
      },
      "id": "way/89492937"
    },
    {
      "type": "Feature",
      "properties": {
        "@id": "way/89492938",
        "bicycle": "designated",
        "bridge": "yes",
        "foot": "designated",
        "highway": "cycleway",
        "layer": "3",
        "motorcycle": "no",
        "name": "Atlanta Beltline Northside Trail",
        "oneway": "no",
        "@relations": [
          {
            "role": "",
            "rel": 8408433,
            "reltags": {
              "name": "Atlanta Beltline Trail",
              "network": "lcn",
              "ref": "BELT",
              "route": "bicycle",
              "type": "route"
            }
          }
        ]
      },
      "geometry": {
        "type": "LineString",
        "coordinates": [
          [
            -84.4007257,
            33.8064636
          ],
          [
            -84.4006558,
            33.8064146
          ],
          [
            -84.4005699,
            33.8063593
          ],
          [
            -84.4005141,
            33.8063413
          ]
        ]
      },
      "id": "way/89492938"
    },
    {
      "type": "Feature",
      "properties": {
        "@id": "way/89492940",
        "bicycle": "designated",
        "foot": "designated",
        "highway": "cycleway",
        "motorcycle": "no",
        "name": "Atlanta Beltline Northside Trail",
        "oneway": "no",
        "website": "https://beltline.org/trails/northside-trail/",
        "@relations": [
          {
            "role": "",
            "rel": 8408433,
            "reltags": {
              "name": "Atlanta Beltline Trail",
              "network": "lcn",
              "ref": "BELT",
              "route": "bicycle",
              "type": "route"
            }
          }
        ]
      },
      "geometry": {
        "type": "LineString",
        "coordinates": [
          [
            -84.4016092,
            33.8074603
          ],
          [
            -84.401577,
            33.8074627
          ],
          [
            -84.4015197,
            33.807457
          ],
          [
            -84.4014768,
            33.8074435
          ],
          [
            -84.4014339,
            33.8074166
          ],
          [
            -84.4013212,
            33.8073074
          ],
          [
            -84.4012783,
            33.8072048
          ],
          [
            -84.4012381,
            33.8070956
          ],
          [
            -84.4012327,
            33.8069775
          ],
          [
            -84.4012059,
            33.806846
          ],
          [
            -84.4011897,
            33.8068082
          ],
          [
            -84.4011536,
            33.8067547
          ],
          [
            -84.401112,
            33.8067257
          ],
          [
            -84.4010027,
            33.8066701
          ],
          [
            -84.4009309,
            33.8066221
          ],
          [
            -84.4008089,
            33.806534
          ],
          [
            -84.4007257,
            33.8064636
          ]
        ]
      },
      "id": "way/89492940"
    },
    {
      "type": "Feature",
      "properties": {
        "@id": "way/89492941",
        "bicycle": "designated",
        "bridge": "yes",
        "foot": "designated",
        "highway": "cycleway",
        "layer": "1",
        "motorcycle": "no",
        "name": "Atlanta Beltline Northside Trail",
        "oneway": "no",
        "website": "https://beltline.org/trails/northside-trail/",
        "@relations": [
          {
            "role": "",
            "rel": 8408433,
            "reltags": {
              "name": "Atlanta Beltline Trail",
              "network": "lcn",
              "ref": "BELT",
              "route": "bicycle",
              "type": "route"
            }
          }
        ]
      },
      "geometry": {
        "type": "LineString",
        "coordinates": [
          [
            -84.4018736,
            33.8074248
          ],
          [
            -84.4016092,
            33.8074603
          ]
        ]
      },
      "id": "way/89492941"
    },
    {
      "type": "Feature",
      "properties": {
        "@id": "way/89492943",
        "bicycle": "designated",
        "foot": "designated",
        "highway": "cycleway",
        "layer": "-3",
        "motorcycle": "no",
        "name": "Atlanta Beltline Northside Trail",
        "oneway": "no",
        "surface": "concrete",
        "tunnel": "yes",
        "website": "https://beltline.org/trails/northside-trail/",
        "width": "3",
        "@relations": [
          {
            "role": "",
            "rel": 8408433,
            "reltags": {
              "name": "Atlanta Beltline Trail",
              "network": "lcn",
              "ref": "BELT",
              "route": "bicycle",
              "type": "route"
            }
          }
        ]
      },
      "geometry": {
        "type": "LineString",
        "coordinates": [
          [
            -84.4025509,
            33.810509
          ],
          [
            -84.4027386,
            33.810412
          ]
        ]
      },
      "id": "way/89492943"
    },
    {
      "type": "Feature",
      "properties": {
        "@id": "way/106417328",
        "bicycle": "designated",
        "foot": "designated",
        "highway": "cycleway",
        "name": "Westside Beltline Connector",
        "note:old_railway_operator": "AB&C",
        "old_railway_operator": "ACL",
        "segregated": "no",
        "surface": "concrete",
        "@relations": [
          {
            "role": "",
            "rel": 12321751,
            "reltags": {
              "name": "Westside Beltline Connector",
              "network": "lcn",
              "ref": "WSC",
              "route": "bicycle",
              "type": "route"
            }
          }
        ]
      },
      "geometry": {
        "type": "LineString",
        "coordinates": [
          [
            -84.4030751,
            33.7633651
          ],
          [
            -84.4031403,
            33.7633024
          ],
          [
            -84.4032328,
            33.7632408
          ],
          [
            -84.4032967,
            33.7631791
          ],
          [
            -84.4033786,
            33.7631272
          ],
          [
            -84.4034302,
            33.7631219
          ],
          [
            -84.4034904,
            33.7631281
          ],
          [
            -84.4035421,
            33.7631523
          ],
          [
            -84.4036902,
            33.7633285
          ]
        ]
      },
      "id": "way/106417328"
    },
    {
      "type": "Feature",
      "properties": {
        "@id": "way/182302109",
        "abandoned:railway": "rail",
        "bicycle": "designated",
        "foot": "designated",
        "highway": "cycleway",
        "name": "Atlanta Beltline Northeast Trail",
        "oneway": "no",
        "railway": "abandoned",
        "segregated": "no",
        "smoothness": "intermediate",
        "surface": "paved",
        "@relations": [
          {
            "role": "",
            "rel": 8408433,
            "reltags": {
              "name": "Atlanta Beltline Trail",
              "network": "lcn",
              "ref": "BELT",
              "route": "bicycle",
              "type": "route"
            }
          },
          {
            "role": "",
            "rel": 8408433,
            "reltags": {
              "name": "Atlanta Beltline Trail",
              "network": "lcn",
              "ref": "BELT",
              "route": "bicycle",
              "type": "route"
            }
          }
        ]
      },
      "geometry": {
        "type": "LineString",
        "coordinates": [
          [
            -84.3686429,
            33.782184
          ],
          [
            -84.3688262,
            33.7824107
          ],
          [
            -84.3689979,
            33.782608
          ],
          [
            -84.3692954,
            33.7829673
          ],
          [
            -84.3695014,
            33.7832369
          ],
          [
            -84.3698313,
            33.783687
          ],
          [
            -84.3701463,
            33.7841439
          ],
          [
            -84.3702528,
            33.7843178
          ],
          [
            -84.3703474,
            33.7844905
          ],
          [
            -84.3703804,
            33.7845609
          ],
          [
            -84.3704305,
            33.7846735
          ],
          [
            -84.3705136,
            33.7848641
          ],
          [
            -84.3705847,
            33.7850492
          ],
          [
            -84.3706185,
            33.7851567
          ],
          [
            -84.3706877,
            33.7853792
          ],
          [
            -84.370731,
            33.7854831
          ],
          [
            -84.3707842,
            33.7855921
          ],
          [
            -84.3708572,
            33.7857543
          ],
          [
            -84.370897,
            33.7858655
          ],
          [
            -84.3709246,
            33.7859794
          ],
          [
            -84.3709343,
            33.7860665
          ],
          [
            -84.3709417,
            33.7861594
          ],
          [
            -84.3709527,
            33.7864732
          ],
          [
            -84.3709482,
            33.7866635
          ],
          [
            -84.3709225,
            33.7869569
          ],
          [
            -84.3709045,
            33.7870996
          ],
          [
            -84.3708936,
            33.7872241
          ],
          [
            -84.3708937,
            33.7873124
          ],
          [
            -84.3708982,
            33.787504
          ],
          [
            -84.3708948,
            33.7876718
          ],
          [
            -84.3708822,
            33.7878072
          ],
          [
            -84.3708537,
            33.7879927
          ],
          [
            -84.3708187,
            33.788204
          ],
          [
            -84.3707866,
            33.7883436
          ],
          [
            -84.3707579,
            33.7884665
          ],
          [
            -84.3707351,
            33.7885923
          ],
          [
            -84.3707112,
            33.7887511
          ],
          [
            -84.3706978,
            33.7888387
          ],
          [
            -84.3706779,
            33.7889315
          ],
          [
            -84.3706446,
            33.7890496
          ],
          [
            -84.3706206,
            33.7891244
          ],
          [
            -84.3706133,
            33.7891689
          ],
          [
            -84.370616,
            33.7892105
          ],
          [
            -84.3706289,
            33.7892506
          ],
          [
            -84.3706543,
            33.7892875
          ],
          [
            -84.3706879,
            33.7893215
          ],
          [
            -84.3707506,
            33.78935
          ],
          [
            -84.3708254,
            33.7893662
          ],
          [
            -84.3708681,
            33.7893668
          ],
          [
            -84.3709311,
            33.7893526
          ],
          [
            -84.3710034,
            33.7893225
          ],
          [
            -84.3710132,
            33.7893184
          ],
          [
            -84.3710405,
            33.7893102
          ],
          [
            -84.3710911,
            33.789307
          ],
          [
            -84.3711479,
            33.7893174
          ],
          [
            -84.3711756,
            33.7893302
          ],
          [
            -84.3712037,
            33.7893432
          ],
          [
            -84.3712426,
            33.789369
          ],
          [
            -84.3712565,
            33.789404
          ],
          [
            -84.3712571,
            33.7894175
          ],
          [
            -84.371258,
            33.7894386
          ],
          [
            -84.3712434,
            33.7894758
          ],
          [
            -84.3712121,
            33.7895857
          ],
          [
            -84.3711775,
            33.7897892
          ],
          [
            -84.3711544,
            33.7898873
          ],
          [
            -84.3711343,
            33.7899651
          ],
          [
            -84.3710751,
            33.7901048
          ],
          [
            -84.3710055,
            33.790253
          ],
          [
            -84.3709284,
            33.7904332
          ],
          [
            -84.3709,
            33.7905171
          ],
          [
            -84.3708351,
            33.7907387
          ],
          [
            -84.3708071,
            33.7908294
          ],
          [
            -84.3707726,
            33.7909061
          ],
          [
            -84.370706,
            33.79103
          ],
          [
            -84.3706816,
            33.7910906
          ],
          [
            -84.3706652,
            33.791157
          ],
          [
            -84.3706622,
            33.7912298
          ],
          [
            -84.3706639,
            33.791299
          ],
          [
            -84.3706802,
            33.7913885
          ],
          [
            -84.3707018,
            33.7914722
          ],
          [
            -84.3707359,
            33.7915555
          ],
          [
            -84.3707776,
            33.7916262
          ],
          [
            -84.370823,
            33.7916845
          ],
          [
            -84.370874,
            33.7917296
          ],
          [
            -84.3709308,
            33.7917669
          ],
          [
            -84.3709718,
            33.7917877
          ],
          [
            -84.3710286,
            33.7918181
          ],
          [
            -84.3710669,
            33.7918455
          ],
          [
            -84.3710969,
            33.7918757
          ],
          [
            -84.3711246,
            33.7919167
          ],
          [
            -84.3711498,
            33.791963
          ],
          [
            -84.3711896,
            33.7920412
          ],
          [
            -84.3712579,
            33.7921321
          ],
          [
            -84.3713702,
            33.7922481
          ],
          [
            -84.3714381,
            33.7923243
          ],
          [
            -84.3714746,
            33.7924218
          ],
          [
            -84.3714848,
            33.7925273
          ],
          [
            -84.3714677,
            33.7926268
          ],
          [
            -84.3714233,
            33.7927006
          ],
          [
            -84.3713611,
            33.7927726
          ],
          [
            -84.3711863,
            33.7928939
          ],
          [
            -84.3710299,
            33.7930176
          ],
          [
            -84.3709032,
            33.7931192
          ],
          [
            -84.3707716,
            33.7932523
          ],
          [
            -84.3706253,
            33.7934509
          ],
          [
            -84.3705271,
            33.7936028
          ],
          [
            -84.3704911,
            33.7936681
          ],
          [
            -84.3704665,
            33.7937011
          ],
          [
            -84.3704312,
            33.7937274
          ],
          [
            -84.3703887,
            33.7937433
          ],
          [
            -84.3703414,
            33.7937578
          ]
        ]
      },
      "id": "way/182302109"
    },
    {
      "type": "Feature",
      "properties": {
        "@id": "way/184470524",
        "bicycle": "designated",
        "foot": "designated",
        "highway": "cycleway",
        "name": "Beltline Access Line",
        "source": "Bing"
      },
      "geometry": {
        "type": "LineString",
        "coordinates": [
          [
            -84.4021896,
            33.8109509
          ],
          [
            -84.4023024,
            33.8109451
          ],
          [
            -84.4023695,
            33.8109197
          ],
          [
            -84.4024715,
            33.8109197
          ],
          [
            -84.4025655,
            33.810933
          ],
          [
            -84.4026514,
            33.8109687
          ],
          [
            -84.4027427,
            33.81102
          ],
          [
            -84.4028017,
            33.811058
          ],
          [
            -84.402842,
            33.8110892
          ],
          [
            -84.4028957,
            33.8111249
          ],
          [
            -84.402944,
            33.811165
          ],
          [
            -84.4030165,
            33.8112074
          ]
        ]
      },
      "id": "way/184470524"
    },
    {
      "type": "Feature",
      "properties": {
        "@id": "way/184470705",
        "bicycle": "designated",
        "foot": "designated",
        "highway": "cycleway",
        "name": "Beltline Access Line",
        "surface": "asphalt"
      },
      "geometry": {
        "type": "LineString",
        "coordinates": [
          [
            -84.4023024,
            33.8109451
          ],
          [
            -84.4022728,
            33.8110089
          ],
          [
            -84.4022084,
            33.8110401
          ],
          [
            -84.4021305,
            33.8110357
          ],
          [
            -84.4019936,
            33.8110156
          ],
          [
            -84.4019318,
            33.8110111
          ],
          [
            -84.4018459,
            33.810991
          ],
          [
            -84.401752,
            33.8109777
          ],
          [
            -84.4016284,
            33.8109531
          ],
          [
            -84.401556,
            33.8109264
          ],
          [
            -84.4014405,
            33.8109665
          ],
          [
            -84.4013527,
            33.8109994
          ]
        ]
      },
      "id": "way/184470705"
    },
    {
      "type": "Feature",
      "properties": {
        "@id": "way/184819885",
        "bicycle": "designated",
        "foot": "designated",
        "highway": "cycleway",
        "motor_vehicle": "no",
        "name": "Beltline Access Line",
        "segregated": "no",
        "surface": "paved"
      },
      "geometry": {
        "type": "LineString",
        "coordinates": [
          [
            -84.3627584,
            33.7694354
          ],
          [
            -84.362596,
            33.769513
          ]
        ]
      },
      "id": "way/184819885"
    },
    {
      "type": "Feature",
      "properties": {
        "@id": "way/186813134",
        "bicycle": "designated",
        "foot": "designated",
        "highway": "cycleway",
        "motor_vehicle": "no",
        "name": "Beltline Access Line",
        "surface": "concrete"
      },
      "geometry": {
        "type": "LineString",
        "coordinates": [
          [
            -84.3610329,
            33.7642361
          ],
          [
            -84.3609362,
            33.7643407
          ],
          [
            -84.35983,
            33.7648182
          ],
          [
            -84.3597318,
            33.7648434
          ],
          [
            -84.3595895,
            33.7648705
          ]
        ]
      },
      "id": "way/186813134"
    },
    {
      "type": "Feature",
      "properties": {
        "@id": "way/186814444",
        "bicycle": "designated",
        "foot": "designated",
        "highway": "cycleway",
        "motor_vehicle": "no",
        "name": "Beltline Access Line",
        "segregated": "no",
        "surface": "concrete"
      },
      "geometry": {
        "type": "LineString",
        "coordinates": [
          [
            -84.359273,
            33.7640601
          ],
          [
            -84.3591494,
            33.7641041
          ],
          [
            -84.3590665,
            33.7641337
          ],
          [
            -84.358941,
            33.7641751
          ],
          [
            -84.358877,
            33.7641827
          ],
          [
            -84.358809,
            33.7641761
          ],
          [
            -84.3586443,
            33.7641582
          ],
          [
            -84.3585629,
            33.764154
          ],
          [
            -84.3584827,
            33.7641548
          ],
          [
            -84.3582243,
            33.7642296
          ],
          [
            -84.3580995,
            33.764263
          ],
          [
            -84.3579684,
            33.7642697
          ],
          [
            -84.3578037,
            33.7642385
          ],
          [
            -84.3576431,
            33.764208
          ],
          [
            -84.3574691,
            33.7641956
          ],
          [
            -84.3574076,
            33.7642067
          ],
          [
            -84.3573597,
            33.7642292
          ],
          [
            -84.3573207,
            33.7642839
          ]
        ]
      },
      "id": "way/186814444"
    },
    {
      "type": "Feature",
      "properties": {
        "@id": "way/186814445",
        "bicycle": "designated",
        "foot": "designated",
        "highway": "cycleway",
        "motor_vehicle": "no",
        "name": "Beltline Access Line",
        "segregated": "no",
        "surface": "concrete"
      },
      "geometry": {
        "type": "LineString",
        "coordinates": [
          [
            -84.359273,
            33.7640601
          ],
          [
            -84.3592113,
            33.7640289
          ],
          [
            -84.359128,
            33.7639334
          ],
          [
            -84.3590925,
            33.7638566
          ],
          [
            -84.3590247,
            33.7638229
          ]
        ]
      },
      "id": "way/186814445"
    },
    {
      "type": "Feature",
      "properties": {
        "@id": "way/186814446",
        "bicycle": "designated",
        "foot": "designated",
        "highway": "cycleway",
        "motor_vehicle": "no",
        "name": "Beltline Access Line",
        "segregated": "no",
        "surface": "concrete"
      },
      "geometry": {
        "type": "LineString",
        "coordinates": [
          [
            -84.3594025,
            33.7640686
          ],
          [
            -84.359273,
            33.7640601
          ]
        ]
      },
      "id": "way/186814446"
    },
    {
      "type": "Feature",
      "properties": {
        "@id": "way/186814447",
        "bicycle": "designated",
        "foot": "designated",
        "highway": "cycleway",
        "motor_vehicle": "no",
        "name": "Beltline Access Line",
        "segregated": "no",
        "surface": "concrete"
      },
      "geometry": {
        "type": "LineString",
        "coordinates": [
          [
            -84.3594025,
            33.7640686
          ],
          [
            -84.3595092,
            33.7641151
          ],
          [
            -84.3595864,
            33.7641675
          ],
          [
            -84.3596159,
            33.7641911
          ]
        ]
      },
      "id": "way/186814447"
    },
    {
      "type": "Feature",
      "properties": {
        "@id": "way/186814448",
        "bicycle": "designated",
        "foot": "designated",
        "highway": "cycleway",
        "motor_vehicle": "no",
        "name": "Beltline Access Line",
        "segregated": "no",
        "surface": "concrete"
      },
      "geometry": {
        "type": "LineString",
        "coordinates": [
          [
            -84.3596779,
            33.7639191
          ],
          [
            -84.3596057,
            33.7639909
          ],
          [
            -84.3595356,
            33.7640365
          ],
          [
            -84.3594958,
            33.7640461
          ],
          [
            -84.3594025,
            33.7640686
          ]
        ]
      },
      "id": "way/186814448"
    },
    {
      "type": "Feature",
      "properties": {
        "@id": "way/217602874",
        "bicycle": "designated",
        "foot": "designated",
        "highway": "cycleway",
        "name": "Beltline Access Line",
        "segregated": "no",
        "source": "bing_imagery",
        "surface": "paved"
      },
      "geometry": {
        "type": "LineString",
        "coordinates": [
          [
            -84.3642929,
            33.7594534
          ],
          [
            -84.3642632,
            33.7594373
          ],
          [
            -84.3640916,
            33.7593445
          ]
        ]
      },
      "id": "way/217602874"
    },
    {
      "type": "Feature",
      "properties": {
        "@id": "way/217602876",
        "bicycle": "designated",
        "foot": "designated",
        "highway": "cycleway",
        "name": "Beltline Access Line",
        "segregated": "no",
        "source": "bing_imagery",
        "surface": "concrete"
      },
      "geometry": {
        "type": "LineString",
        "coordinates": [
          [
            -84.3646159,
            33.7584641
          ],
          [
            -84.3647797,
            33.7585098
          ]
        ]
      },
      "id": "way/217602876"
    },
    {
      "type": "Feature",
      "properties": {
        "@id": "way/226119763",
        "abandoned:railway": "rail",
        "bridge": "yes",
        "highway": "path",
        "layer": "1",
        "name": "Interim BeltLine Northeast Trail",
        "old_railway_operator": "Southern",
        "railway": "abandoned",
        "@relations": [
          {
            "role": "",
            "rel": 8408433,
            "reltags": {
              "name": "Atlanta Beltline Trail",
              "network": "lcn",
              "ref": "BELT",
              "route": "bicycle",
              "type": "route"
            }
          }
        ]
      },
      "geometry": {
        "type": "LineString",
        "coordinates": [
          [
            -84.3702809,
            33.7934703
          ],
          [
            -84.3702696,
            33.7933968
          ],
          [
            -84.3702583,
            33.7933232
          ]
        ]
      },
      "id": "way/226119763"
    },
    {
      "type": "Feature",
      "properties": {
        "@id": "way/226119765",
        "abandoned:railway": "rail",
        "bicycle": "designated",
        "bridge": "yes",
        "foot": "designated",
        "highway": "cycleway",
        "name": "Atlanta Beltline Northeast Trail",
        "oneway": "no",
        "railway": "abandoned",
        "segregated": "no",
        "source": "bing_imagery",
        "@relations": [
          {
            "role": "",
            "rel": 8408433,
            "reltags": {
              "name": "Atlanta Beltline Trail",
              "network": "lcn",
              "ref": "BELT",
              "route": "bicycle",
              "type": "route"
            }
          }
        ]
      },
      "geometry": {
        "type": "LineString",
        "coordinates": [
          [
            -84.3729206,
            33.7987962
          ],
          [
            -84.3726229,
            33.7982586
          ]
        ]
      },
      "id": "way/226119765"
    },
    {
      "type": "Feature",
      "properties": {
        "@id": "way/226119770",
        "abandoned:railway": "rail",
        "bicycle": "designated",
        "foot": "designated",
        "highway": "cycleway",
        "name": "Atlanta Beltline Northeast Trail",
        "old_railway_operator": "Southern",
        "oneway": "no",
        "railway": "abandoned",
        "segregated": "no",
        "surface": "gravel",
        "@relations": [
          {
            "role": "",
            "rel": 8408433,
            "reltags": {
              "name": "Atlanta Beltline Trail",
              "network": "lcn",
              "ref": "BELT",
              "route": "bicycle",
              "type": "route"
            }
          }
        ]
      },
      "geometry": {
        "type": "LineString",
        "coordinates": [
          [
            -84.3726229,
            33.7982586
          ],
          [
            -84.3725525,
            33.7981379
          ],
          [
            -84.3724708,
            33.7979889
          ],
          [
            -84.3724339,
            33.7979059
          ],
          [
            -84.372394,
            33.7978066
          ],
          [
            -84.3723235,
            33.7976267
          ],
          [
            -84.3722496,
            33.7974771
          ],
          [
            -84.3721555,
            33.7973187
          ],
          [
            -84.3720659,
            33.7971919
          ],
          [
            -84.3719555,
            33.7970448
          ],
          [
            -84.3718842,
            33.7969464
          ],
          [
            -84.371506,
            33.7963631
          ],
          [
            -84.3710051,
            33.7955623
          ],
          [
            -84.3709055,
            33.7953905
          ],
          [
            -84.370905,
            33.7953896
          ],
          [
            -84.3707225,
            33.7950343
          ],
          [
            -84.3705763,
            33.7947461
          ],
          [
            -84.370516,
            33.7946177
          ],
          [
            -84.3704628,
            33.7944914
          ],
          [
            -84.3704284,
            33.7943885
          ],
          [
            -84.3704113,
            33.7942981
          ],
          [
            -84.3704079,
            33.7942432
          ],
          [
            -84.3704119,
            33.7941574
          ],
          [
            -84.3704213,
            33.7940798
          ],
          [
            -84.3704208,
            33.7940273
          ],
          [
            -84.3704073,
            33.7939665
          ],
          [
            -84.3703778,
            33.7938724
          ]
        ]
      },
      "id": "way/226119770"
    },
    {
      "type": "Feature",
      "properties": {
        "@id": "way/231270041",
        "bicycle": "yes",
        "crossing": "traffic_signals",
        "crossing:island": "no",
        "crossing:markings": "ladder:paired",
        "crossing:signals": "yes",
        "footway": "crossing",
        "highway": "footway",
        "lit": "no",
        "name": "Atlanta BeltLine Eastside Trail",
        "oneway": "no",
        "rcn": "yes",
        "surface": "asphalt",
        "@relations": [
          {
            "role": "",
            "rel": 8408433,
            "reltags": {
              "name": "Atlanta Beltline Trail",
              "network": "lcn",
              "ref": "BELT",
              "route": "bicycle",
              "type": "route"
            }
          }
        ]
      },
      "geometry": {
        "type": "LineString",
        "coordinates": [
          [
            -84.3686354,
            33.7819149
          ],
          [
            -84.3685699,
            33.7819009
          ]
        ]
      },
      "id": "way/231270041"
    },
    {
      "type": "Feature",
      "properties": {
        "@id": "way/309065102",
        "bicycle": "designated",
        "foot": "designated",
        "highway": "cycleway",
        "name": "Beltline Access Line",
        "segregated": "no",
        "surface": "concrete"
      },
      "geometry": {
        "type": "LineString",
        "coordinates": [
          [
            -84.3652743,
            33.7541686
          ],
          [
            -84.3653592,
            33.7542611
          ],
          [
            -84.3654084,
            33.7543428
          ],
          [
            -84.3654196,
            33.7543965
          ]
        ]
      },
      "id": "way/309065102"
    },
    {
      "type": "Feature",
      "properties": {
        "@id": "way/309065103",
        "bicycle": "designated",
        "bridge": "yes",
        "foot": "designated",
        "highway": "cycleway",
        "incline": "down",
        "layer": "1",
        "name": "Beltline Access Line",
        "oneway": "no",
        "segregated": "no",
        "surface": "metal"
      },
      "geometry": {
        "type": "LineString",
        "coordinates": [
          [
            -84.3652756,
            33.7542912
          ],
          [
            -84.3651731,
            33.7538983
          ],
          [
            -84.3652059,
            33.7538938
          ],
          [
            -84.3652743,
            33.7541686
          ]
        ]
      },
      "id": "way/309065103"
    },
    {
      "type": "Feature",
      "properties": {
        "@id": "way/310394974",
        "highway": "footway",
        "name": "Beltline Access Line"
      },
      "geometry": {
        "type": "LineString",
        "coordinates": [
          [
            -84.364281,
            33.7721429
          ],
          [
            -84.3642305,
            33.7721543
          ],
          [
            -84.3641054,
            33.7721826
          ],
          [
            -84.3640316,
            33.7720865
          ],
          [
            -84.3642293,
            33.7719906
          ]
        ]
      },
      "id": "way/310394974"
    },
    {
      "type": "Feature",
      "properties": {
        "@id": "way/372328907",
        "handrail": "yes",
        "highway": "steps",
        "incline": "up",
        "name": "Beltline Access Line",
        "ramp": "no"
      },
      "geometry": {
        "type": "LineString",
        "coordinates": [
          [
            -84.3654196,
            33.7543965
          ],
          [
            -84.3654074,
            33.7544739
          ],
          [
            -84.3653778,
            33.75448
          ],
          [
            -84.3653633,
            33.7544187
          ]
        ]
      },
      "id": "way/372328907"
    },
    {
      "type": "Feature",
      "properties": {
        "@id": "way/431795702",
        "bicycle": "designated",
        "highway": "footway",
        "motor_vehicle": "no",
        "name": "Beltline Access Line",
        "surface": "paved"
      },
      "geometry": {
        "type": "LineString",
        "coordinates": [
          [
            -84.3646017,
            33.7726202
          ],
          [
            -84.3645702,
            33.7726058
          ],
          [
            -84.3644794,
            33.7726205
          ],
          [
            -84.3644118,
            33.7726315
          ]
        ]
      },
      "id": "way/431795702"
    },
    {
      "type": "Feature",
      "properties": {
        "@id": "way/496238155",
        "handrail": "yes",
        "highway": "steps",
        "incline": "up",
        "name": "Beltline Access Line",
        "ramp": "yes",
        "ramp:bicycle": "yes",
        "ramp:wheelchair": "no",
        "step_count": "40",
        "surface": "concrete",
        "tactile_paving": "no"
      },
      "geometry": {
        "type": "LineString",
        "coordinates": [
          [
            -84.3607678,
            33.7675826
          ],
          [
            -84.3608183,
            33.7676321
          ],
          [
            -84.3609168,
            33.7676591
          ],
          [
            -84.3609984,
            33.7677226
          ],
          [
            -84.3610295,
            33.7677431
          ],
          [
            -84.3610677,
            33.7677247
          ]
        ]
      },
      "id": "way/496238155"
    },
    {
      "type": "Feature",
      "properties": {
        "@id": "way/554592637",
        "bicycle": "designated",
        "description": "Beltline access path",
        "foot": "designated",
        "highway": "cycleway",
        "name": "Beltline Access Line",
        "surface": "paved"
      },
      "geometry": {
        "type": "LineString",
        "coordinates": [
          [
            -84.3627066,
            33.7612898
          ],
          [
            -84.3627041,
            33.7612588
          ],
          [
            -84.3626661,
            33.7611762
          ],
          [
            -84.362645,
            33.7611181
          ],
          [
            -84.362639,
            33.7610452
          ],
          [
            -84.3626487,
            33.7609446
          ]
        ]
      },
      "id": "way/554592637"
    },
    {
      "type": "Feature",
      "properties": {
        "@id": "way/554592638",
        "description": "Beltline access path",
        "handrail": "yes",
        "highway": "steps",
        "name": "Beltline Access Line",
        "surface": "paved"
      },
      "geometry": {
        "type": "LineString",
        "coordinates": [
          [
            -84.3626487,
            33.7609446
          ],
          [
            -84.3626496,
            33.7609144
          ]
        ]
      },
      "id": "way/554592638"
    },
    {
      "type": "Feature",
      "properties": {
        "@id": "way/554592639",
        "bicycle": "designated",
        "description": "Beltline access path",
        "foot": "designated",
        "highway": "cycleway",
        "name": "Beltline Access Line",
        "surface": "paved"
      },
      "geometry": {
        "type": "LineString",
        "coordinates": [
          [
            -84.3626496,
            33.7609144
          ],
          [
            -84.3624734,
            33.7607308
          ]
        ]
      },
      "id": "way/554592639"
    },
    {
      "type": "Feature",
      "properties": {
        "@id": "way/601780166",
        "bicycle": "designated",
        "foot": "designated",
        "highway": "cycleway",
        "lit": "yes",
        "motor_vehicle": "no",
        "name": "Atlanta Beltline Southeast Trail",
        "oneway": "no",
        "segregated": "no",
        "start_date": "2017-9-1",
        "surface": "concrete",
        "@relations": [
          {
            "role": "",
            "rel": 8408433,
            "reltags": {
              "name": "Atlanta Beltline Trail",
              "network": "lcn",
              "ref": "BELT",
              "route": "bicycle",
              "type": "route"
            }
          }
        ]
      },
      "geometry": {
        "type": "LineString",
        "coordinates": [
          [
            -84.3570751,
            33.7525848
          ],
          [
            -84.3575194,
            33.7525958
          ],
          [
            -84.3576002,
            33.7525971
          ],
          [
            -84.358231,
            33.7526077
          ],
          [
            -84.3590158,
            33.7526208
          ],
          [
            -84.3600319,
            33.7526377
          ],
          [
            -84.3601382,
            33.7526433
          ],
          [
            -84.3606448,
            33.75267
          ],
          [
            -84.3610914,
            33.7527001
          ],
          [
            -84.3612939,
            33.7527035
          ],
          [
            -84.3614817,
            33.7526879
          ],
          [
            -84.3616989,
            33.7526444
          ],
          [
            -84.3622587,
            33.752507
          ],
          [
            -84.3631579,
            33.7522919
          ],
          [
            -84.363269,
            33.7523327
          ],
          [
            -84.3635043,
            33.7528551
          ]
        ]
      },
      "id": "way/601780166"
    },
    {
      "type": "Feature",
      "properties": {
        "@id": "way/601780170",
        "abandoned:railway": "rail",
        "bicycle": "designated",
        "crossing": "marked",
        "crossing:island": "no",
        "crossing:markings": "surface",
        "cycleway": "crossing",
        "foot": "designated",
        "highway": "cycleway",
        "name": "Atlanta BeltLine Westside Trail",
        "oneway": "no",
        "railway": "abandoned",
        "segregated": "no",
        "start_date": "2017-09-29",
        "surface": "concrete",
        "width": "4",
        "@relations": [
          {
            "role": "",
            "rel": 8408433,
            "reltags": {
              "name": "Atlanta Beltline Trail",
              "network": "lcn",
              "ref": "BELT",
              "route": "bicycle",
              "type": "route"
            }
          }
        ]
      },
      "geometry": {
        "type": "LineString",
        "coordinates": [
          [
            -84.4136117,
            33.7255354
          ],
          [
            -84.4135494,
            33.7254572
          ],
          [
            -84.4135044,
            33.7253981
          ]
        ]
      },
      "id": "way/601780170"
    },
    {
      "type": "Feature",
      "properties": {
        "@id": "way/601780171",
        "abandoned:railway": "rail",
        "bicycle": "designated",
        "foot": "designated",
        "highway": "cycleway",
        "name": "Atlanta Beltline Southwest Trail",
        "oneway": "no",
        "railway": "abandoned",
        "segregated": "no",
        "start_date": "2017-09-29",
        "surface": "concrete",
        "@relations": [
          {
            "role": "",
            "rel": 8408433,
            "reltags": {
              "name": "Atlanta Beltline Trail",
              "network": "lcn",
              "ref": "BELT",
              "route": "bicycle",
              "type": "route"
            }
          }
        ]
      },
      "geometry": {
        "type": "LineString",
        "coordinates": [
          [
            -84.4307791,
            33.74662
          ],
          [
            -84.431424,
            33.7460329
          ],
          [
            -84.432877,
            33.7447307
          ],
          [
            -84.4330063,
            33.7446138
          ],
          [
            -84.4331033,
            33.7445232
          ],
          [
            -84.4332726,
            33.7443645
          ],
          [
            -84.4334029,
            33.7442181
          ],
          [
            -84.433483,
            33.744112
          ],
          [
            -84.4335797,
            33.7439793
          ],
          [
            -84.4336939,
            33.7437823
          ],
          [
            -84.4337566,
            33.7436534
          ],
          [
            -84.4338054,
            33.7435173
          ],
          [
            -84.4338659,
            33.7433228
          ],
          [
            -84.4339204,
            33.7430534
          ],
          [
            -84.433962,
            33.7427446
          ],
          [
            -84.4340003,
            33.7424929
          ],
          [
            -84.4340057,
            33.7424391
          ]
        ]
      },
      "id": "way/601780171"
    },
    {
      "type": "Feature",
      "properties": {
        "@id": "way/601780174",
        "abandoned:railway": "rail",
        "bicycle": "designated",
        "foot": "designated",
        "highway": "cycleway",
        "name": "Atlanta Beltline Westside Trail",
        "oneway": "no",
        "segregated": "no",
        "surface": "concrete",
        "@relations": [
          {
            "role": "",
            "rel": 8408433,
            "reltags": {
              "name": "Atlanta Beltline Trail",
              "network": "lcn",
              "ref": "BELT",
              "route": "bicycle",
              "type": "route"
            }
          }
        ]
      },
      "geometry": {
        "type": "LineString",
        "coordinates": [
          [
            -84.4252291,
            33.7565802
          ],
          [
            -84.4252901,
            33.7563875
          ],
          [
            -84.4254519,
            33.7558094
          ],
          [
            -84.4254564,
            33.7557932
          ],
          [
            -84.4254899,
            33.7555457
          ],
          [
            -84.4255087,
            33.7554375
          ],
          [
            -84.425981,
            33.7537093
          ],
          [
            -84.4259939,
            33.7536666
          ]
        ]
      },
      "id": "way/601780174"
    },
    {
      "type": "Feature",
      "properties": {
        "@id": "way/601780175",
        "bicycle": "designated",
        "foot": "designated",
        "highway": "cycleway",
        "name": "Beltline Access Line",
        "surface": "concrete"
      },
      "geometry": {
        "type": "LineString",
        "coordinates": [
          [
            -84.425081,
            33.7565779
          ],
          [
            -84.4252291,
            33.7565802
          ]
        ]
      },
      "id": "way/601780175"
    },
    {
      "type": "Feature",
      "properties": {
        "@id": "way/605935511",
        "abandoned:railway": "rail",
        "bicycle": "designated",
        "foot": "designated",
        "highway": "cycleway",
        "name": "Atlanta Beltline Southside Trail",
        "oneway": "no",
        "railway": "abandoned",
        "smoothness": "excellent",
        "surface": "paved",
        "@relations": [
          {
            "role": "",
            "rel": 8408433,
            "reltags": {
              "name": "Atlanta Beltline Trail",
              "network": "lcn",
              "ref": "BELT",
              "route": "bicycle",
              "type": "route"
            }
          }
        ]
      },
      "geometry": {
        "type": "LineString",
        "coordinates": [
          [
            -84.3986215,
            33.7201881
          ],
          [
            -84.3989341,
            33.7202525
          ],
          [
            -84.3991126,
            33.7202749
          ],
          [
            -84.399347,
            33.7202837
          ],
          [
            -84.3996998,
            33.7202931
          ],
          [
            -84.3998745,
            33.7203042
          ],
          [
            -84.400045,
            33.7203274
          ],
          [
            -84.4002197,
            33.7203604
          ],
          [
            -84.4005543,
            33.7204488
          ],
          [
            -84.400686,
            33.7204782
          ],
          [
            -84.4008657,
            33.7205072
          ],
          [
            -84.4010956,
            33.7205274
          ],
          [
            -84.4013105,
            33.7205318
          ],
          [
            -84.4014565,
            33.7205247
          ],
          [
            -84.4016039,
            33.7205131
          ],
          [
            -84.4019765,
            33.7204577
          ],
          [
            -84.4022722,
            33.7204249
          ],
          [
            -84.4026678,
            33.720389
          ],
          [
            -84.4030695,
            33.7203689
          ],
          [
            -84.4033553,
            33.7203629
          ],
          [
            -84.4036136,
            33.7203612
          ],
          [
            -84.4039118,
            33.7203714
          ],
          [
            -84.403996,
            33.7203724
          ],
          [
            -84.4040906,
            33.7203669
          ],
          [
            -84.4043207,
            33.7203377
          ],
          [
            -84.4044563,
            33.7203266
          ],
          [
            -84.4046145,
            33.7203247
          ],
          [
            -84.4051863,
            33.7203458
          ],
          [
            -84.4054631,
            33.7203527
          ],
          [
            -84.4056082,
            33.7203605
          ],
          [
            -84.405718,
            33.7203718
          ],
          [
            -84.4059412,
            33.7204131
          ],
          [
            -84.4060146,
            33.7204229
          ],
          [
            -84.4061257,
            33.7204274
          ],
          [
            -84.4063225,
            33.7204338
          ],
          [
            -84.4073454,
            33.7204968
          ],
          [
            -84.4077005,
            33.7205166
          ]
        ]
      },
      "id": "way/605935511"
    },
    {
      "type": "Feature",
      "properties": {
        "@id": "way/606142530",
        "abandoned:railway": "rail",
        "bicycle": "designated",
        "foot": "designated",
        "highway": "cycleway",
        "name": "Atlanta Beltline Westside Trail",
        "surface": "concrete",
        "@relations": [
          {
            "role": "",
            "rel": 8408433,
            "reltags": {
              "name": "Atlanta Beltline Trail",
              "network": "lcn",
              "ref": "BELT",
              "route": "bicycle",
              "type": "route"
            }
          }
        ]
      },
      "geometry": {
        "type": "LineString",
        "coordinates": [
          [
            -84.4245419,
            33.7588448
          ],
          [
            -84.4245149,
            33.7589027
          ],
          [
            -84.4244664,
            33.7589447
          ],
          [
            -84.4244099,
            33.7589714
          ],
          [
            -84.4243419,
            33.7589839
          ],
          [
            -84.424293,
            33.7589869
          ],
          [
            -84.4242358,
            33.7589783
          ],
          [
            -84.4241824,
            33.7589563
          ],
          [
            -84.4240621,
            33.7588847
          ],
          [
            -84.4239835,
            33.7588608
          ],
          [
            -84.4238798,
            33.7588504
          ],
          [
            -84.4237739,
            33.7588641
          ],
          [
            -84.4236587,
            33.7588905
          ],
          [
            -84.423649,
            33.7588935
          ],
          [
            -84.4234913,
            33.7589421
          ],
          [
            -84.4234686,
            33.7589522
          ],
          [
            -84.4234339,
            33.7589676
          ],
          [
            -84.4233696,
            33.7590153
          ],
          [
            -84.423346,
            33.7590624
          ],
          [
            -84.4233314,
            33.7591119
          ],
          [
            -84.4233327,
            33.7591661
          ],
          [
            -84.4233454,
            33.7592066
          ],
          [
            -84.4236044,
            33.7598102
          ],
          [
            -84.4236288,
            33.7598866
          ],
          [
            -84.4236347,
            33.7599558
          ],
          [
            -84.4236192,
            33.7600382
          ],
          [
            -84.4235713,
            33.7601512
          ],
          [
            -84.4235464,
            33.7602138
          ],
          [
            -84.4235359,
            33.7602625
          ],
          [
            -84.4235423,
            33.7603336
          ],
          [
            -84.4235612,
            33.760391
          ],
          [
            -84.4237576,
            33.7608855
          ],
          [
            -84.4238338,
            33.7610833
          ],
          [
            -84.4238508,
            33.7611311
          ],
          [
            -84.4238592,
            33.7611757
          ],
          [
            -84.4238632,
            33.7612246
          ],
          [
            -84.4238578,
            33.7612685
          ],
          [
            -84.4238227,
            33.7614719
          ],
          [
            -84.4238083,
            33.7615074
          ],
          [
            -84.4237857,
            33.7615414
          ],
          [
            -84.4237594,
            33.761594
          ],
          [
            -84.4237486,
            33.7616347
          ],
          [
            -84.4237463,
            33.7616782
          ],
          [
            -84.4237516,
            33.7617279
          ],
          [
            -84.423881,
            33.7625258
          ]
        ]
      },
      "id": "way/606142530"
    },
    {
      "type": "Feature",
      "properties": {
        "@id": "way/607561607",
        "abandoned:railway": "rail",
        "bicycle": "designated",
        "bridge": "yes",
        "foot": "designated",
        "highway": "cycleway",
        "layer": "1",
        "name": "Atlanta Beltline Southside Trail",
        "oneway": "no",
        "railway": "abandoned",
        "segregated": "no",
        "surface": "concrete",
        "@relations": [
          {
            "role": "",
            "rel": 8408433,
            "reltags": {
              "name": "Atlanta Beltline Trail",
              "network": "lcn",
              "ref": "BELT",
              "route": "bicycle",
              "type": "route"
            }
          }
        ]
      },
      "geometry": {
        "type": "LineString",
        "coordinates": [
          [
            -84.3601337,
            33.7338928
          ],
          [
            -84.3601572,
            33.7338262
          ],
          [
            -84.3602708,
            33.7335187
          ]
        ]
      },
      "id": "way/607561607"
    },
    {
      "type": "Feature",
      "properties": {
        "@id": "way/607561608",
        "abandoned:railway": "rail",
        "bicycle": "designated",
        "check_date": "2023-11-08",
        "foot": "designated",
        "highway": "cycleway",
        "name": "Atlanta Beltline Southside Trail",
        "railway": "abandoned",
        "surface": "concrete",
        "@relations": [
          {
            "role": "",
            "rel": 8408433,
            "reltags": {
              "name": "Atlanta Beltline Trail",
              "network": "lcn",
              "ref": "BELT",
              "route": "bicycle",
              "type": "route"
            }
          }
        ]
      },
      "geometry": {
        "type": "LineString",
        "coordinates": [
          [
            -84.3582129,
            33.7397632
          ],
          [
            -84.3582279,
            33.7397081
          ],
          [
            -84.3583715,
            33.7391828
          ],
          [
            -84.358525,
            33.7386713
          ],
          [
            -84.3587563,
            33.737995
          ],
          [
            -84.3595568,
            33.7356548
          ],
          [
            -84.3597,
            33.7352255
          ],
          [
            -84.3597591,
            33.7350504
          ],
          [
            -84.3599377,
            33.7345474
          ],
          [
            -84.3601337,
            33.7338928
          ]
        ]
      },
      "id": "way/607561608"
    },
    {
      "type": "Feature",
      "properties": {
        "@id": "way/607563061",
        "abandoned:railway": "rail",
        "bicycle": "yes",
        "bridge": "yes",
        "foot": "yes",
        "highway": "cycleway",
        "layer": "1",
        "name": "Atlanta Beltline Southside Trail",
        "railway": "abandoned",
        "surface": "paved",
        "@relations": [
          {
            "role": "",
            "rel": 8408433,
            "reltags": {
              "name": "Atlanta Beltline Trail",
              "network": "lcn",
              "ref": "BELT",
              "route": "bicycle",
              "type": "route"
            }
          }
        ]
      },
      "geometry": {
        "type": "LineString",
        "coordinates": [
          [
            -84.4077005,
            33.7205166
          ],
          [
            -84.4080224,
            33.7205337
          ]
        ]
      },
      "id": "way/607563061"
    },
    {
      "type": "Feature",
      "properties": {
        "@id": "way/607563063",
        "abandoned:railway": "rail",
        "bicycle": "designated",
        "bridge": "yes",
        "foot": "designated",
        "highway": "cycleway",
        "layer": "1",
        "name": "Atlanta Beltline Southside Trail",
        "railway": "abandoned",
        "smoothness": "excellent",
        "surface": "concrete",
        "@relations": [
          {
            "role": "",
            "rel": 8408433,
            "reltags": {
              "name": "Atlanta Beltline Trail",
              "network": "lcn",
              "ref": "BELT",
              "route": "bicycle",
              "type": "route"
            }
          }
        ]
      },
      "geometry": {
        "type": "LineString",
        "coordinates": [
          [
            -84.3932598,
            33.7195399
          ],
          [
            -84.3935238,
            33.719477
          ]
        ]
      },
      "id": "way/607563063"
    },
    {
      "type": "Feature",
      "properties": {
        "@id": "way/607563064",
        "abandoned:railway": "rail",
        "bicycle": "designated",
        "foot": "designated",
        "highway": "cycleway",
        "name": "Atlanta Beltline Southside Trail",
        "oneway": "no",
        "railway": "abandoned",
        "segregated": "no",
        "surface": "concrete",
        "@relations": [
          {
            "role": "",
            "rel": 8408433,
            "reltags": {
              "name": "Atlanta Beltline Trail",
              "network": "lcn",
              "ref": "BELT",
              "route": "bicycle",
              "type": "route"
            }
          }
        ]
      },
      "geometry": {
        "type": "LineString",
        "coordinates": [
          [
            -84.3883029,
            33.7215536
          ],
          [
            -84.388823,
            33.7212761
          ],
          [
            -84.389673,
            33.7208576
          ],
          [
            -84.3899764,
            33.7207082
          ],
          [
            -84.3903752,
            33.720541
          ],
          [
            -84.3918735,
            33.7199494
          ],
          [
            -84.3927896,
            33.719661
          ],
          [
            -84.3932598,
            33.7195399
          ]
        ]
      },
      "id": "way/607563064"
    },
    {
      "type": "Feature",
      "properties": {
        "@id": "way/636342315",
        "bicycle": "designated",
        "footway": "sidewalk",
        "highway": "footway",
        "name": "Westside Beltline Connector",
        "surface": "concrete",
        "@relations": [
          {
            "role": "",
            "rel": 12321751,
            "reltags": {
              "name": "Westside Beltline Connector",
              "network": "lcn",
              "ref": "WSC",
              "route": "bicycle",
              "type": "route"
            }
          }
        ]
      },
      "geometry": {
        "type": "LineString",
        "coordinates": [
          [
            -84.4026668,
            33.763346
          ],
          [
            -84.4026519,
            33.7633531
          ],
          [
            -84.4025918,
            33.7633815
          ],
          [
            -84.402446,
            33.7633954
          ]
        ]
      },
      "id": "way/636342315"
    },
    {
      "type": "Feature",
      "properties": {
        "@id": "way/637010490",
        "bicycle": "designated",
        "foot": "designated",
        "highway": "cycleway",
        "motorcycle": "no",
        "name": "Northside Beltline Trail",
        "surface": "concrete",
        "website": "https://beltline.org/trails/northside-trail/",
        "width": "3",
        "@relations": [
          {
            "role": "",
            "rel": 8408433,
            "reltags": {
              "name": "Atlanta Beltline Trail",
              "network": "lcn",
              "ref": "BELT",
              "route": "bicycle",
              "type": "route"
            }
          }
        ]
      },
      "geometry": {
        "type": "LineString",
        "coordinates": [
          [
            -84.4075093,
            33.8205908
          ],
          [
            -84.4074561,
            33.8206089
          ],
          [
            -84.4074196,
            33.8206192
          ],
          [
            -84.4073857,
            33.8206173
          ],
          [
            -84.407322,
            33.8206011
          ],
          [
            -84.4072174,
            33.8205805
          ],
          [
            -84.4069091,
            33.8205415
          ],
          [
            -84.4060543,
            33.8204841
          ],
          [
            -84.4051075,
            33.8204265
          ],
          [
            -84.4048649,
            33.8204053
          ],
          [
            -84.4047438,
            33.8203853
          ],
          [
            -84.4046394,
            33.8203638
          ],
          [
            -84.4044018,
            33.8202893
          ],
          [
            -84.4041857,
            33.8202015
          ],
          [
            -84.4040176,
            33.8201075
          ],
          [
            -84.4038176,
            33.819985
          ],
          [
            -84.403583,
            33.8198223
          ],
          [
            -84.4034353,
            33.8197062
          ],
          [
            -84.4032584,
            33.8195181
          ],
          [
            -84.4031521,
            33.8193894
          ],
          [
            -84.4029473,
            33.8191415
          ],
          [
            -84.4027424,
            33.8187891
          ],
          [
            -84.4025168,
            33.8183839
          ],
          [
            -84.4024324,
            33.8182607
          ],
          [
            -84.4022942,
            33.818024
          ],
          [
            -84.4021788,
            33.8178747
          ],
          [
            -84.4019991,
            33.8176552
          ],
          [
            -84.4019418,
            33.817538
          ],
          [
            -84.4019213,
            33.8174635
          ],
          [
            -84.4019007,
            33.8173377
          ],
          [
            -84.4018958,
            33.8172229
          ],
          [
            -84.4018871,
            33.8171633
          ],
          [
            -84.4018596,
            33.8170858
          ],
          [
            -84.4017148,
            33.8168674
          ],
          [
            -84.4014886,
            33.8165195
          ],
          [
            -84.4014063,
            33.816375
          ],
          [
            -84.4013505,
            33.8163186
          ],
          [
            -84.401275,
            33.8162769
          ],
          [
            -84.4010963,
            33.8162044
          ],
          [
            -84.400646,
            33.8160519
          ],
          [
            -84.4005427,
            33.8160318
          ],
          [
            -84.4004381,
            33.8160229
          ],
          [
            -84.4001108,
            33.8160362
          ],
          [
            -84.3999157,
            33.8160451
          ],
          [
            -84.3993759,
            33.8160697
          ],
          [
            -84.3982802,
            33.8161098
          ],
          [
            -84.3980372,
            33.8161078
          ],
          [
            -84.397949,
            33.8161064
          ],
          [
            -84.3979121,
            33.8160971
          ],
          [
            -84.3978917,
            33.8160864
          ],
          [
            -84.39787,
            33.8160704
          ],
          [
            -84.3978578,
            33.8160474
          ]
        ]
      },
      "id": "way/637010490"
    },
    {
      "type": "Feature",
      "properties": {
        "@id": "way/637010491",
        "bicycle": "designated",
        "bridge": "yes",
        "foot": "designated",
        "highway": "cycleway",
        "layer": "1",
        "motorcycle": "no",
        "name": "Northside Beltline Trail",
        "surface": "concrete",
        "website": "https://beltline.org/trails/northside-trail/",
        "width": "3",
        "@relations": [
          {
            "role": "",
            "rel": 8408433,
            "reltags": {
              "name": "Atlanta Beltline Trail",
              "network": "lcn",
              "ref": "BELT",
              "route": "bicycle",
              "type": "route"
            }
          }
        ]
      },
      "geometry": {
        "type": "LineString",
        "coordinates": [
          [
            -84.3978578,
            33.8160474
          ],
          [
            -84.397792,
            33.8153203
          ]
        ]
      },
      "id": "way/637010491"
    },
    {
      "type": "Feature",
      "properties": {
        "@id": "way/669818479",
        "abandoned:railway": "rail",
        "bicycle": "designated",
        "foot": "designated",
        "highway": "cycleway",
        "name": "Atlanta Beltline Southwest Trail",
        "railway": "abandoned",
        "surface": "paved",
        "@relations": [
          {
            "role": "",
            "rel": 8408433,
            "reltags": {
              "name": "Atlanta Beltline Trail",
              "network": "lcn",
              "ref": "BELT",
              "route": "bicycle",
              "type": "route"
            }
          }
        ]
      },
      "geometry": {
        "type": "LineString",
        "coordinates": [
          [
            -84.4080224,
            33.7205337
          ],
          [
            -84.4080703,
            33.7205378
          ],
          [
            -84.4082346,
            33.7205521
          ],
          [
            -84.4087869,
            33.7206258
          ],
          [
            -84.4090912,
            33.7206926
          ],
          [
            -84.4094289,
            33.7207826
          ],
          [
            -84.4097145,
            33.7208742
          ],
          [
            -84.410377,
            33.7211211
          ],
          [
            -84.4105725,
            33.7211977
          ],
          [
            -84.4107436,
            33.7212749
          ],
          [
            -84.4108946,
            33.7213673
          ],
          [
            -84.4110311,
            33.7214725
          ],
          [
            -84.4111197,
            33.7215398
          ],
          [
            -84.4114025,
            33.7217828
          ],
          [
            -84.4115742,
            33.7219589
          ],
          [
            -84.4116677,
            33.7220858
          ],
          [
            -84.4119595,
            33.7225817
          ]
        ]
      },
      "id": "way/669818479"
    },
    {
      "type": "Feature",
      "properties": {
        "@id": "way/669818486",
        "abandoned:railway": "rail",
        "construction": "cycleway",
        "highway": "footway",
        "name": "Atlanta BeltLine Westside Interim Hiking Trail",
        "railway": "abandoned",
        "start_date": "2017-09-29",
        "surface": "unpaved",
        "@relations": [
          {
            "role": "",
            "rel": 8408433,
            "reltags": {
              "name": "Atlanta Beltline Trail",
              "network": "lcn",
              "ref": "BELT",
              "route": "bicycle",
              "type": "route"
            }
          }
        ]
      },
      "geometry": {
        "type": "LineString",
        "coordinates": [
          [
            -84.43138,
            33.7370099
          ],
          [
            -84.4312111,
            33.7367489
          ],
          [
            -84.4309697,
            33.7365214
          ],
          [
            -84.4306612,
            33.7363207
          ],
          [
            -84.4289768,
            33.7352723
          ],
          [
            -84.4258279,
            33.7333808
          ],
          [
            -84.4253665,
            33.7331644
          ],
          [
            -84.4248033,
            33.7329927
          ]
        ]
      },
      "id": "way/669818486"
    },
    {
      "type": "Feature",
      "properties": {
        "@id": "way/676119710",
        "abandoned:railway": "rail",
        "bicycle": "designated",
        "bridge": "yes",
        "foot": "designated",
        "highway": "cycleway",
        "layer": "1",
        "name": "Atlanta Beltline Westside Trail",
        "oneway": "no",
        "segregated": "no",
        "surface": "concrete",
        "@relations": [
          {
            "role": "",
            "rel": 8408433,
            "reltags": {
              "name": "Atlanta Beltline Trail",
              "network": "lcn",
              "ref": "BELT",
              "route": "bicycle",
              "type": "route"
            }
          }
        ]
      },
      "geometry": {
        "type": "LineString",
        "coordinates": [
          [
            -84.4259939,
            33.7536666
          ],
          [
            -84.4260706,
            33.7534127
          ]
        ]
      },
      "id": "way/676119710"
    },
    {
      "type": "Feature",
      "properties": {
        "@id": "way/722838134",
        "bicycle": "designated",
        "foot": "designated",
        "highway": "cycleway",
        "lit": "yes",
        "motor_vehicle": "no",
        "name": "Atlanta Beltline Southeast Trail",
        "oneway": "no",
        "segregated": "no",
        "start_date": "2017-10-23",
        "surface": "concrete",
        "@relations": [
          {
            "role": "",
            "rel": 8408433,
            "reltags": {
              "name": "Atlanta Beltline Trail",
              "network": "lcn",
              "ref": "BELT",
              "route": "bicycle",
              "type": "route"
            }
          }
        ]
      },
      "geometry": {
        "type": "LineString",
        "coordinates": [
          [
            -84.3581395,
            33.7453691
          ],
          [
            -84.3581372,
            33.745408
          ],
          [
            -84.358118,
            33.7457313
          ],
          [
            -84.3580863,
            33.7460765
          ],
          [
            -84.3580376,
            33.7464672
          ],
          [
            -84.358033,
            33.746522
          ]
        ]
      },
      "id": "way/722838134"
    },
    {
      "type": "Feature",
      "properties": {
        "@id": "way/722838443",
        "bicycle": "designated",
        "foot": "designated",
        "highway": "cycleway",
        "motor_vehicle": "no",
        "name": "Beltline Access Line",
        "segregated": "no",
        "surface": "concrete"
      },
      "geometry": {
        "type": "LineString",
        "coordinates": [
          [
            -84.3575044,
            33.7491406
          ],
          [
            -84.3575153,
            33.7491156
          ],
          [
            -84.3575621,
            33.7490082
          ],
          [
            -84.3575889,
            33.7489378
          ],
          [
            -84.3576297,
            33.7488764
          ],
          [
            -84.3576694,
            33.7488387
          ],
          [
            -84.3577061,
            33.748826
          ],
          [
            -84.3577948,
            33.7488419
          ]
        ]
      },
      "id": "way/722838443"
    },
    {
      "type": "Feature",
      "properties": {
        "@id": "way/722838793",
        "bicycle": "designated",
        "foot": "designated",
        "highway": "cycleway",
        "lit": "yes",
        "motor_vehicle": "no",
        "name": "Atlanta Beltline Eastside Trail",
        "old_railway_operator": "Southern",
        "oneway": "no",
        "railway": "abandoned",
        "segregated": "no",
        "start_date": "2017-9-1",
        "surface": "concrete",
        "@relations": [
          {
            "role": "",
            "rel": 8408433,
            "reltags": {
              "name": "Atlanta Beltline Trail",
              "network": "lcn",
              "ref": "BELT",
              "route": "bicycle",
              "type": "route"
            }
          }
        ]
      },
      "geometry": {
        "type": "LineString",
        "coordinates": [
          [
            -84.3649873,
            33.753426
          ],
          [
            -84.3650698,
            33.7534697
          ],
          [
            -84.3651281,
            33.7535423
          ],
          [
            -84.3651929,
            33.7536949
          ],
          [
            -84.3652562,
            33.7538047
          ],
          [
            -84.3653637,
            33.7539035
          ],
          [
            -84.3654057,
            33.7539421
          ],
          [
            -84.3654769,
            33.7540602
          ],
          [
            -84.3655009,
            33.75415
          ],
          [
            -84.3655049,
            33.7542252
          ],
          [
            -84.365491,
            33.7543846
          ],
          [
            -84.3654481,
            33.7546423
          ],
          [
            -84.3653694,
            33.7550976
          ],
          [
            -84.3652644,
            33.7557128
          ]
        ]
      },
      "id": "way/722838793"
    },
    {
      "type": "Feature",
      "properties": {
        "@id": "way/722838795",
        "bicycle": "designated",
        "foot": "designated",
        "highway": "cycleway",
        "lit": "yes",
        "motor_vehicle": "no",
        "name": "Atlanta Beltline Eastside Trail",
        "oneway": "no",
        "segregated": "no",
        "start_date": "2017-9-1",
        "surface": "concrete",
        "tunnel": "yes",
        "@relations": [
          {
            "role": "",
            "rel": 8408433,
            "reltags": {
              "name": "Atlanta Beltline Trail",
              "network": "lcn",
              "ref": "BELT",
              "route": "bicycle",
              "type": "route"
            }
          }
        ]
      },
      "geometry": {
        "type": "LineString",
        "coordinates": [
          [
            -84.3635043,
            33.7528551
          ],
          [
            -84.3637819,
            33.7534735
          ]
        ]
      },
      "id": "way/722838795"
    },
    {
      "type": "Feature",
      "properties": {
        "@id": "way/741276149",
        "abandoned:railway": "rail",
        "bicycle": "designated",
        "foot": "designated",
        "highway": "cycleway",
        "name": "Atlanta Beltline Southside Trail",
        "oneway": "no",
        "railway": "abandoned",
        "segregated": "no",
        "surface": "concrete",
        "@relations": [
          {
            "role": "",
            "rel": 8408433,
            "reltags": {
              "name": "Atlanta Beltline Trail",
              "network": "lcn",
              "ref": "BELT",
              "route": "bicycle",
              "type": "route"
            }
          }
        ]
      },
      "geometry": {
        "type": "LineString",
        "coordinates": [
          [
            -84.3784394,
            33.7243303
          ],
          [
            -84.3785271,
            33.7243297
          ],
          [
            -84.3785944,
            33.7243293
          ],
          [
            -84.3786668,
            33.7243288
          ],
          [
            -84.3800005,
            33.7243202
          ],
          [
            -84.3808686,
            33.7243139
          ],
          [
            -84.381743,
            33.7242791
          ],
          [
            -84.3821531,
            33.7242276
          ],
          [
            -84.3822889,
            33.7242092
          ],
          [
            -84.3825119,
            33.7241617
          ],
          [
            -84.3828924,
            33.7240742
          ],
          [
            -84.3832609,
            33.723969
          ],
          [
            -84.3835723,
            33.7238678
          ],
          [
            -84.3838757,
            33.7237546
          ],
          [
            -84.3844683,
            33.7234948
          ],
          [
            -84.3848689,
            33.7232856
          ],
          [
            -84.3850572,
            33.7232101
          ]
        ]
      },
      "id": "way/741276149"
    },
    {
      "type": "Feature",
      "properties": {
        "@id": "way/741961706",
        "bicycle": "designated",
        "foot": "designated",
        "highway": "cycleway",
        "name": "Atlanta Beltline Eastside Trail",
        "segregated": "no"
      },
      "geometry": {
        "type": "LineString",
        "coordinates": [
          [
            -84.3639777,
            33.7714248
          ],
          [
            -84.363894,
            33.7713846
          ]
        ]
      },
      "id": "way/741961706"
    },
    {
      "type": "Feature",
      "properties": {
        "@id": "way/741961707",
        "bicycle": "designated",
        "foot": "designated",
        "highway": "cycleway",
        "name": "Atlanta Beltline Eastside Trail",
        "segregated": "no",
        "surface": "concrete:plates"
      },
      "geometry": {
        "type": "LineString",
        "coordinates": [
          [
            -84.3637261,
            33.7710123
          ],
          [
            -84.3637108,
            33.7709598
          ],
          [
            -84.3637301,
            33.7708465
          ]
        ]
      },
      "id": "way/741961707"
    },
    {
      "type": "Feature",
      "properties": {
        "@id": "way/741961708",
        "bicycle": "designated",
        "bridge": "yes",
        "foot": "designated",
        "highway": "cycleway",
        "layer": "1",
        "name": "Atlanta Beltline Eastside Trail",
        "segregated": "no",
        "surface": "concrete:plates"
      },
      "geometry": {
        "type": "LineString",
        "coordinates": [
          [
            -84.3637948,
            33.7712446
          ],
          [
            -84.3637361,
            33.7710466
          ],
          [
            -84.3637261,
            33.7710123
          ]
        ]
      },
      "id": "way/741961708"
    },
    {
      "type": "Feature",
      "properties": {
        "@id": "way/741961709",
        "bicycle": "designated",
        "covered": "yes",
        "foot": "designated",
        "highway": "cycleway",
        "name": "Atlanta Beltline Eastside Trail",
        "segregated": "no"
      },
      "geometry": {
        "type": "LineString",
        "coordinates": [
          [
            -84.363894,
            33.7713846
          ],
          [
            -84.363856,
            33.7713524
          ],
          [
            -84.3638377,
            33.7713281
          ]
        ]
      },
      "id": "way/741961709"
    },
    {
      "type": "Feature",
      "properties": {
        "@id": "way/741961710",
        "bicycle": "designated",
        "foot": "designated",
        "highway": "cycleway",
        "name": "Atlanta Beltline Eastside Trail",
        "segregated": "no"
      },
      "geometry": {
        "type": "LineString",
        "coordinates": [
          [
            -84.3638377,
            33.7713281
          ],
          [
            -84.3638041,
            33.7712691
          ],
          [
            -84.3637948,
            33.7712446
          ]
        ]
      },
      "id": "way/741961710"
    },
    {
      "type": "Feature",
      "properties": {
        "@id": "way/741964053",
        "abandoned:railway": "rail",
        "bicycle": "designated",
        "foot": "designated",
        "highway": "cycleway",
        "horse": "no",
        "lit": "no",
        "motor_vehicle": "no",
        "name": "Atlanta Beltline Eastside Trail",
        "oneway": "no",
        "railway": "abandoned",
        "rcn": "yes",
        "segregated": "no",
        "surface": "concrete",
        "@relations": [
          {
            "role": "",
            "rel": 8408433,
            "reltags": {
              "name": "Atlanta Beltline Trail",
              "network": "lcn",
              "ref": "BELT",
              "route": "bicycle",
              "type": "route"
            }
          }
        ]
      },
      "geometry": {
        "type": "LineString",
        "coordinates": [
          [
            -84.3685188,
            33.7820132
          ],
          [
            -84.368476,
            33.7819544
          ],
          [
            -84.3683611,
            33.7817981
          ],
          [
            -84.3681191,
            33.7814689
          ],
          [
            -84.3677797,
            33.7810277
          ],
          [
            -84.3677292,
            33.7809725
          ],
          [
            -84.367477,
            33.780742
          ],
          [
            -84.3674505,
            33.7807151
          ],
          [
            -84.3674238,
            33.780688
          ],
          [
            -84.3670768,
            33.7802553
          ],
          [
            -84.3669029,
            33.7800262
          ],
          [
            -84.366479,
            33.779408
          ],
          [
            -84.3662622,
            33.7790828
          ],
          [
            -84.3660823,
            33.7787601
          ],
          [
            -84.3658803,
            33.7783341
          ],
          [
            -84.365704,
            33.777811
          ],
          [
            -84.3656407,
            33.7776096
          ],
          [
            -84.3653742,
            33.7767632
          ],
          [
            -84.3653515,
            33.7766837
          ],
          [
            -84.3648634,
            33.7746998
          ],
          [
            -84.3646959,
            33.7737522
          ],
          [
            -84.3646398,
            33.7735292
          ],
          [
            -84.3646342,
            33.7735069
          ]
        ]
      },
      "id": "way/741964053"
    },
    {
      "type": "Feature",
      "properties": {
        "@id": "way/741964055",
        "bicycle": "yes",
        "footway": "sidewalk",
        "highway": "footway",
        "lit": "yes",
        "name": "Interim BeltLine Eastside Trail",
        "oneway": "no",
        "surface": "asphalt",
        "@relations": [
          {
            "role": "",
            "rel": 8408433,
            "reltags": {
              "name": "Atlanta Beltline Trail",
              "network": "lcn",
              "ref": "BELT",
              "route": "bicycle",
              "type": "route"
            }
          }
        ]
      },
      "geometry": {
        "type": "LineString",
        "coordinates": [
          [
            -84.3687209,
            33.781933
          ],
          [
            -84.3687062,
            33.7819301
          ]
        ]
      },
      "id": "way/741964055"
    },
    {
      "type": "Feature",
      "properties": {
        "@id": "way/742982445",
        "abandoned:railway": "rail",
        "bicycle": "designated",
        "construction": "cycleway",
        "crossing": "unmarked",
        "crossing:continuous": "yes",
        "cycleway": "crossing",
        "foot": "designated",
        "highway": "cycleway",
        "lit": "yes",
        "motor_vehicle": "no",
        "name": "Atlanta Beltline Eastside Trail",
        "old_railway_operator": "Southern",
        "oneway": "no",
        "railway": "abandoned",
        "segregated": "no",
        "start_date": "2017-9-1",
        "traffic_calming": "table",
        "@relations": [
          {
            "role": "",
            "rel": 8408433,
            "reltags": {
              "name": "Atlanta Beltline Trail",
              "network": "lcn",
              "ref": "BELT",
              "route": "bicycle",
              "type": "route"
            }
          }
        ]
      },
      "geometry": {
        "type": "LineString",
        "coordinates": [
          [
            -84.3648823,
            33.7576141
          ],
          [
            -84.3648923,
            33.7575617
          ],
          [
            -84.3649027,
            33.7575192
          ]
        ]
      },
      "id": "way/742982445"
    },
    {
      "type": "Feature",
      "properties": {
        "@id": "way/743084185",
        "bicycle": "designated",
        "foot": "designated",
        "highway": "cycleway",
        "name": "Beltline Access Line",
        "oneway": "no",
        "segregated": "no",
        "surface": "concrete"
      },
      "geometry": {
        "type": "LineString",
        "coordinates": [
          [
            -84.418795,
            33.7292387
          ],
          [
            -84.4187884,
            33.7292462
          ],
          [
            -84.4187811,
            33.7292621
          ],
          [
            -84.4187914,
            33.7293501
          ],
          [
            -84.4188589,
            33.729471
          ],
          [
            -84.419072,
            33.7296421
          ],
          [
            -84.4191043,
            33.7296702
          ],
          [
            -84.4191087,
            33.7296983
          ],
          [
            -84.4190385,
            33.7297689
          ]
        ]
      },
      "id": "way/743084185"
    },
    {
      "type": "Feature",
      "properties": {
        "@id": "way/743084188",
        "highway": "footway",
        "name": "Beltline Access Line",
        "surface": "concrete"
      },
      "geometry": {
        "type": "LineString",
        "coordinates": [
          [
            -84.4209321,
            33.7309331
          ],
          [
            -84.4205972,
            33.7312985
          ]
        ]
      },
      "id": "way/743084188"
    },
    {
      "type": "Feature",
      "properties": {
        "@id": "way/743084190",
        "bicycle": "designated",
        "foot": "designated",
        "highway": "cycleway",
        "name": "Beltline Access Line",
        "surface": "concrete"
      },
      "geometry": {
        "type": "LineString",
        "coordinates": [
          [
            -84.4225106,
            33.7316392
          ],
          [
            -84.4218572,
            33.732362
          ],
          [
            -84.4217978,
            33.7324361
          ],
          [
            -84.421762,
            33.7324701
          ],
          [
            -84.4217197,
            33.7325187
          ],
          [
            -84.4216886,
            33.7325723
          ]
        ]
      },
      "id": "way/743084190"
    },
    {
      "type": "Feature",
      "properties": {
        "@id": "way/743084191",
        "abandoned:railway": "rail",
        "bicycle": "designated",
        "foot": "designated",
        "highway": "cycleway",
        "name": "Atlanta Beltline Southwest Trail",
        "oneway": "no",
        "railway": "abandoned",
        "segregated": "no",
        "surface": "paved",
        "@relations": [
          {
            "role": "",
            "rel": 8408433,
            "reltags": {
              "name": "Atlanta Beltline Trail",
              "network": "lcn",
              "ref": "BELT",
              "route": "bicycle",
              "type": "route"
            }
          }
        ]
      },
      "geometry": {
        "type": "LineString",
        "coordinates": [
          [
            -84.423052,
            33.7319732
          ],
          [
            -84.4226119,
            33.7317145
          ],
          [
            -84.4225106,
            33.7316392
          ],
          [
            -84.4221977,
            33.7314065
          ],
          [
            -84.4219789,
            33.7312438
          ],
          [
            -84.4217569,
            33.7310827
          ],
          [
            -84.4211598,
            33.7306494
          ],
          [
            -84.4209732,
            33.7305142
          ],
          [
            -84.4205266,
            33.7301907
          ],
          [
            -84.4203747,
            33.7300806
          ],
          [
            -84.4193656,
            33.7294682
          ],
          [
            -84.4188617,
            33.7291612
          ],
          [
            -84.4179818,
            33.7286231
          ],
          [
            -84.4176674,
            33.7284309
          ],
          [
            -84.4174341,
            33.7282873
          ],
          [
            -84.4164799,
            33.7277
          ],
          [
            -84.4161478,
            33.7274784
          ],
          [
            -84.4147055,
            33.7265832
          ],
          [
            -84.4143278,
            33.7262886
          ],
          [
            -84.4140516,
            33.726039
          ],
          [
            -84.4136797,
            33.7256231
          ],
          [
            -84.4136117,
            33.7255354
          ]
        ]
      },
      "id": "way/743084191"
    },
    {
      "type": "Feature",
      "properties": {
        "@id": "way/743084192",
        "bicycle": "designated",
        "foot": "designated",
        "highway": "cycleway",
        "name": "Beltline Access Line"
      },
      "geometry": {
        "type": "LineString",
        "coordinates": [
          [
            -84.4238445,
            33.7325025
          ],
          [
            -84.4246217,
            33.7317487
          ],
          [
            -84.4246452,
            33.7317633
          ],
          [
            -84.4241092,
            33.7324131
          ],
          [
            -84.4240223,
            33.7325184
          ]
        ]
      },
      "id": "way/743084192"
    },
    {
      "type": "Feature",
      "properties": {
        "@id": "way/743084198",
        "highway": "steps",
        "incline": "down",
        "name": "Beltline Access Line"
      },
      "geometry": {
        "type": "LineString",
        "coordinates": [
          [
            -84.4240419,
            33.7323718
          ],
          [
            -84.4238899,
            33.7325306
          ]
        ]
      },
      "id": "way/743084198"
    },
    {
      "type": "Feature",
      "properties": {
        "@id": "way/743084201",
        "bicycle": "designated",
        "foot": "designated",
        "highway": "cycleway",
        "name": "Beltline Access Line"
      },
      "geometry": {
        "type": "LineString",
        "coordinates": [
          [
            -84.4209868,
            33.7294853
          ],
          [
            -84.4207695,
            33.72973
          ],
          [
            -84.4205849,
            33.7298926
          ],
          [
            -84.4203747,
            33.7300806
          ]
        ]
      },
      "id": "way/743084201"
    },
    {
      "type": "Feature",
      "properties": {
        "@id": "way/743084202",
        "abandoned:railway": "rail",
        "bicycle": "designated",
        "foot": "designated",
        "highway": "cycleway",
        "name": "Atlanta Beltline Southwest Trail",
        "oneway": "no",
        "railway": "abandoned",
        "segregated": "no",
        "start_date": "2017-09-29",
        "surface": "concrete",
        "width": "4",
        "@relations": [
          {
            "role": "",
            "rel": 8408433,
            "reltags": {
              "name": "Atlanta Beltline Trail",
              "network": "lcn",
              "ref": "BELT",
              "route": "bicycle",
              "type": "route"
            }
          }
        ]
      },
      "geometry": {
        "type": "LineString",
        "coordinates": [
          [
            -84.4135044,
            33.7253981
          ],
          [
            -84.4134213,
            33.7253034
          ],
          [
            -84.413365,
            33.7252008
          ],
          [
            -84.4133247,
            33.7251048
          ],
          [
            -84.4133006,
            33.7250424
          ],
          [
            -84.4132443,
            33.7249119
          ],
          [
            -84.4131692,
            33.7247724
          ],
          [
            -84.4123927,
            33.7233982
          ],
          [
            -84.4121781,
            33.723009
          ],
          [
            -84.4120601,
            33.722758
          ],
          [
            -84.4119595,
            33.7225817
          ]
        ]
      },
      "id": "way/743084202"
    },
    {
      "type": "Feature",
      "properties": {
        "@id": "way/746494550",
        "bicycle": "designated",
        "bridge": "yes",
        "foot": "designated",
        "highway": "cycleway",
        "layer": "1",
        "name": "Atlanta Beltline Southeast Trail",
        "oneway": "no",
        "surface": "concrete",
        "@relations": [
          {
            "role": "",
            "rel": 8408433,
            "reltags": {
              "name": "Atlanta Beltline Trail",
              "network": "lcn",
              "ref": "BELT",
              "route": "bicycle",
              "type": "route"
            }
          }
        ]
      },
      "geometry": {
        "type": "LineString",
        "coordinates": [
          [
            -84.3581402,
            33.7431297
          ],
          [
            -84.3581471,
            33.7439127
          ]
        ]
      },
      "id": "way/746494550"
    },
    {
      "type": "Feature",
      "properties": {
        "@id": "way/760535359",
        "abandoned:railway": "rail",
        "bicycle": "designated",
        "foot": "designated",
        "highway": "cycleway",
        "name": "Atlanta Beltline Southside Trail",
        "oneway": "no",
        "railway": "abandoned",
        "segregated": "no",
        "surface": "concrete",
        "@relations": [
          {
            "role": "",
            "rel": 8408433,
            "reltags": {
              "name": "Atlanta Beltline Trail",
              "network": "lcn",
              "ref": "BELT",
              "route": "bicycle",
              "type": "route"
            }
          }
        ]
      },
      "geometry": {
        "type": "LineString",
        "coordinates": [
          [
            -84.3685132,
            33.726213
          ],
          [
            -84.3702506,
            33.7256762
          ],
          [
            -84.3706796,
            33.7255437
          ],
          [
            -84.3733639,
            33.7247258
          ],
          [
            -84.3740398,
            33.7245293
          ],
          [
            -84.3747311,
            33.7243807
          ],
          [
            -84.3749745,
            33.7243519
          ],
          [
            -84.3767588,
            33.7243172
          ],
          [
            -84.3771564,
            33.7243095
          ],
          [
            -84.3774232,
            33.7243085
          ],
          [
            -84.378339,
            33.724331
          ],
          [
            -84.3783503,
            33.7243309
          ],
          [
            -84.3784394,
            33.7243303
          ]
        ]
      },
      "id": "way/760535359"
    },
    {
      "type": "Feature",
      "properties": {
        "@id": "way/776841115",
        "bicycle": "designated",
        "foot": "designated",
        "highway": "cycleway",
        "name": "Beltline Access Line",
        "surface": "concrete"
      },
      "geometry": {
        "type": "LineString",
        "coordinates": [
          [
            -84.4119595,
            33.7225817
          ],
          [
            -84.4118496,
            33.7226126
          ],
          [
            -84.4117976,
            33.7226097
          ],
          [
            -84.4117457,
            33.7225917
          ],
          [
            -84.4116999,
            33.7225404
          ],
          [
            -84.4116854,
            33.7225031
          ],
          [
            -84.4116811,
            33.7224565
          ],
          [
            -84.4116901,
            33.7224121
          ],
          [
            -84.4116946,
            33.7223678
          ],
          [
            -84.4116902,
            33.7223322
          ],
          [
            -84.4116793,
            33.7222873
          ],
          [
            -84.4116637,
            33.722249
          ],
          [
            -84.411636,
            33.722217
          ],
          [
            -84.411594,
            33.7221949
          ],
          [
            -84.411546,
            33.7221779
          ],
          [
            -84.4114311,
            33.7221646
          ],
          [
            -84.4113225,
            33.7221835
          ],
          [
            -84.4111964,
            33.722211
          ],
          [
            -84.4110701,
            33.7222217
          ],
          [
            -84.4110379,
            33.7222193
          ]
        ]
      },
      "id": "way/776841115"
    },
    {
      "type": "Feature",
      "properties": {
        "@id": "way/776841116",
        "bicycle": "designated",
        "cycleway": "crossing",
        "foot": "designated",
        "highway": "cycleway",
        "name": "Atlanta BeltLine Southside Trail",
        "@relations": [
          {
            "role": "",
            "rel": 8408433,
            "reltags": {
              "name": "Atlanta Beltline Trail",
              "network": "lcn",
              "ref": "BELT",
              "route": "bicycle",
              "type": "route"
            }
          }
        ]
      },
      "geometry": {
        "type": "LineString",
        "coordinates": [
          [
            -84.3683393,
            33.7262653
          ],
          [
            -84.3684212,
            33.7262387
          ],
          [
            -84.3685132,
            33.726213
          ]
        ]
      },
      "id": "way/776841116"
    },
    {
      "type": "Feature",
      "properties": {
        "@id": "way/776841117",
        "abandoned:railway": "rail",
        "access": "yes",
        "bicycle": "designated",
        "check_date": "2023-11-08",
        "foot": "designated",
        "highway": "cycleway",
        "horse": "no",
        "motor_vehicle": "no",
        "name": "Atlanta Beltline Southside Trail",
        "note": "Closed for demolition of damaged United Ave rail bridge. Latest updates: https://bit.ly/unitedavebridgeThe bridge is gone, but the trail is open. There is a staircase from United Avenue up to the trail on both sides of the bridge.",
        "oneway": "no",
        "railway": "abandoned",
        "segregated": "no",
        "surface": "concrete",
        "@relations": [
          {
            "role": "",
            "rel": 8408433,
            "reltags": {
              "name": "Atlanta Beltline Trail",
              "network": "lcn",
              "ref": "BELT",
              "route": "bicycle",
              "type": "route"
            }
          }
        ]
      },
      "geometry": {
        "type": "LineString",
        "coordinates": [
          [
            -84.3638892,
            33.7281954
          ],
          [
            -84.3639152,
            33.7281724
          ],
          [
            -84.3640353,
            33.7280967
          ],
          [
            -84.3647102,
            33.7276767
          ],
          [
            -84.3651581,
            33.7274201
          ],
          [
            -84.3656411,
            33.7271879
          ],
          [
            -84.3660788,
            33.7269944
          ],
          [
            -84.366499,
            33.7268374
          ],
          [
            -84.3672178,
            33.7265987
          ],
          [
            -84.3683393,
            33.7262653
          ]
        ]
      },
      "id": "way/776841117"
    },
    {
      "type": "Feature",
      "properties": {
        "@id": "way/776841118",
        "abandoned:railway": "rail",
        "bicycle": "designated",
        "foot": "designated",
        "highway": "cycleway",
        "name": "Atlanta Beltline Southside Trail",
        "oneway": "no",
        "railway": "abandoned",
        "segregated": "no",
        "surface": "concrete",
        "@relations": [
          {
            "role": "",
            "rel": 8408433,
            "reltags": {
              "name": "Atlanta Beltline Trail",
              "network": "lcn",
              "ref": "BELT",
              "route": "bicycle",
              "type": "route"
            }
          }
        ]
      },
      "geometry": {
        "type": "LineString",
        "coordinates": [
          [
            -84.3850572,
            33.7232101
          ],
          [
            -84.3851445,
            33.7231663
          ]
        ]
      },
      "id": "way/776841118"
    },
    {
      "type": "Feature",
      "properties": {
        "@id": "way/776841119",
        "abandoned:railway": "rail",
        "bicycle": "designated",
        "foot": "designated",
        "highway": "cycleway",
        "name": "Atlanta Beltline Southside Trail",
        "oneway": "no",
        "railway": "abandoned",
        "segregated": "no",
        "surface": "concrete",
        "@relations": [
          {
            "role": "",
            "rel": 8408433,
            "reltags": {
              "name": "Atlanta Beltline Trail",
              "network": "lcn",
              "ref": "BELT",
              "route": "bicycle",
              "type": "route"
            }
          }
        ]
      },
      "geometry": {
        "type": "LineString",
        "coordinates": [
          [
            -84.3851445,
            33.7231663
          ],
          [
            -84.3861881,
            33.7226384
          ],
          [
            -84.3876431,
            33.721915
          ]
        ]
      },
      "id": "way/776841119"
    },
    {
      "type": "Feature",
      "properties": {
        "@id": "way/808135594",
        "bicycle": "designated",
        "foot": "designated",
        "highway": "cycleway",
        "name": "Beltline Access Line",
        "oneway": "no",
        "segregated": "no"
      },
      "geometry": {
        "type": "LineString",
        "coordinates": [
          [
            -84.4179818,
            33.7286231
          ],
          [
            -84.418013,
            33.7285874
          ],
          [
            -84.4170139,
            33.7279771
          ],
          [
            -84.4169424,
            33.7279334
          ]
        ]
      },
      "id": "way/808135594"
    },
    {
      "type": "Feature",
      "properties": {
        "@id": "way/814048551",
        "bicycle": "designated",
        "foot": "designated",
        "highway": "cycleway",
        "name": "Beltline Access Line"
      },
      "geometry": {
        "type": "LineString",
        "coordinates": [
          [
            -84.3590286,
            33.7525038
          ],
          [
            -84.3590286,
            33.7525158
          ]
        ]
      },
      "id": "way/814048551"
    },
    {
      "type": "Feature",
      "properties": {
        "@id": "way/874501046",
        "abandoned:railway": "rail",
        "access": "no",
        "bicycle": "designated",
        "bridge": "yes",
        "foot": "designated",
        "highway": "cycleway",
        "name": "Atlanta Beltline Southside Trail",
        "note": "Closed for demolition of damaged United Ave rail bridge. Latest updates: https://bit.ly/unitedavebridge",
        "oneway": "no",
        "railway": "abandoned",
        "segregated": "no",
        "surface": "concrete",
        "@relations": [
          {
            "role": "",
            "rel": 8408433,
            "reltags": {
              "name": "Atlanta Beltline Trail",
              "network": "lcn",
              "ref": "BELT",
              "route": "bicycle",
              "type": "route"
            }
          }
        ]
      },
      "geometry": {
        "type": "LineString",
        "coordinates": [
          [
            -84.363698,
            33.7283487
          ],
          [
            -84.3638892,
            33.7281954
          ]
        ]
      },
      "id": "way/874501046"
    },
    {
      "type": "Feature",
      "properties": {
        "@id": "way/874502882",
        "bicycle": "designated",
        "check_date:surface": "2025-01-05",
        "foot": "designated",
        "highway": "cycleway",
        "historic:operator": "A&WP",
        "lit": "yes",
        "motor_vehicle": "no",
        "name": "Atlanta Beltline Southeast Trail",
        "oneway": "no",
        "segregated": "no",
        "start_date": "2017-10-23",
        "surface": "concrete",
        "@relations": [
          {
            "role": "",
            "rel": 8408433,
            "reltags": {
              "name": "Atlanta Beltline Trail",
              "network": "lcn",
              "ref": "BELT",
              "route": "bicycle",
              "type": "route"
            }
          }
        ]
      },
      "geometry": {
        "type": "LineString",
        "coordinates": [
          [
            -84.3570784,
            33.7524778
          ],
          [
            -84.357079,
            33.7524596
          ],
          [
            -84.3570922,
            33.7520339
          ],
          [
            -84.3570997,
            33.7517911
          ]
        ]
      },
      "id": "way/874502882"
    },
    {
      "type": "Feature",
      "properties": {
        "@id": "way/874504851",
        "construction": "cycleway",
        "highway": "footway",
        "name": "Atlanta BeltLine Westside Interim Hiking Trail",
        "start_date": "2017-09-29",
        "surface": "unpaved",
        "@relations": [
          {
            "role": "",
            "rel": 8408433,
            "reltags": {
              "name": "Atlanta Beltline Trail",
              "network": "lcn",
              "ref": "BELT",
              "route": "bicycle",
              "type": "route"
            }
          }
        ]
      },
      "geometry": {
        "type": "LineString",
        "coordinates": [
          [
            -84.4248033,
            33.7329927
          ],
          [
            -84.4242936,
            33.7328388
          ],
          [
            -84.4241086,
            33.7327607
          ],
          [
            -84.4230714,
            33.7320736
          ],
          [
            -84.423052,
            33.7319732
          ]
        ]
      },
      "id": "way/874504851"
    },
    {
      "type": "Feature",
      "properties": {
        "@id": "way/874504852",
        "bicycle": "designated",
        "foot": "designated",
        "highway": "cycleway",
        "motor_vehicle": "no",
        "name": "Beltline Access Line",
        "oneway": "no",
        "segregated": "no",
        "surface": "concrete",
        "@relations": [
          {
            "role": "",
            "rel": 8408433,
            "reltags": {
              "name": "Atlanta Beltline Trail",
              "network": "lcn",
              "ref": "BELT",
              "route": "bicycle",
              "type": "route"
            }
          }
        ]
      },
      "geometry": {
        "type": "LineString",
        "coordinates": [
          [
            -84.4321722,
            33.7382001
          ],
          [
            -84.4322135,
            33.7381783
          ],
          [
            -84.4323822,
            33.7383355
          ],
          [
            -84.4325591,
            33.7384725
          ],
          [
            -84.4327807,
            33.7386297
          ],
          [
            -84.4329596,
            33.7387599
          ],
          [
            -84.4330907,
            33.7388275
          ],
          [
            -84.4332381,
            33.738839
          ]
        ]
      },
      "id": "way/874504852"
    },
    {
      "type": "Feature",
      "properties": {
        "@id": "way/874504853",
        "bicycle": "designated",
        "foot": "designated",
        "highway": "cycleway",
        "motor_vehicle": "no",
        "name": "Beltline Access Line"
      },
      "geometry": {
        "type": "LineString",
        "coordinates": [
          [
            -84.434242,
            33.7423985
          ],
          [
            -84.434243,
            33.7424689
          ],
          [
            -84.4342463,
            33.7426932
          ],
          [
            -84.4342361,
            33.7429721
          ],
          [
            -84.4342483,
            33.7430972
          ],
          [
            -84.434232,
            33.7431919
          ],
          [
            -84.4342036,
            33.7432426
          ],
          [
            -84.4340958,
            33.7433508
          ],
          [
            -84.434041,
            33.743442
          ],
          [
            -84.4340145,
            33.743557
          ],
          [
            -84.4339779,
            33.7436821
          ],
          [
            -84.4339231,
            33.743748
          ],
          [
            -84.4338519,
            33.7437936
          ],
          [
            -84.4337889,
            33.7438055
          ],
          [
            -84.4336939,
            33.7437823
          ]
        ]
      },
      "id": "way/874504853"
    },
    {
      "type": "Feature",
      "properties": {
        "@id": "way/874504855",
        "bicycle": "designated",
        "foot": "designated",
        "highway": "cycleway",
        "name": "Beltline Access Line",
        "oneway": "no",
        "segregated": "no",
        "surface": "concrete"
      },
      "geometry": {
        "type": "LineString",
        "coordinates": [
          [
            -84.4278901,
            33.7493901
          ],
          [
            -84.4281094,
            33.7494069
          ],
          [
            -84.4281811,
            33.7493931
          ]
        ]
      },
      "id": "way/874504855"
    },
    {
      "type": "Feature",
      "properties": {
        "@id": "way/874504856",
        "bicycle": "designated",
        "foot": "designated",
        "highway": "cycleway",
        "name": "Beltline Access Line"
      },
      "geometry": {
        "type": "LineString",
        "coordinates": [
          [
            -84.4263925,
            33.7521445
          ],
          [
            -84.4264496,
            33.7521643
          ],
          [
            -84.4264699,
            33.7521947
          ],
          [
            -84.4265004,
            33.7522032
          ],
          [
            -84.4265391,
            33.7521711
          ],
          [
            -84.4265695,
            33.7521626
          ],
          [
            -84.4265919,
            33.7521745
          ],
          [
            -84.4266,
            33.7522201
          ],
          [
            -84.4266204,
            33.7522319
          ],
          [
            -84.4266427,
            33.7522319
          ],
          [
            -84.4266712,
            33.7522015
          ],
          [
            -84.4266956,
            33.7521931
          ],
          [
            -84.426722,
            33.7522049
          ],
          [
            -84.4267505,
            33.7522539
          ],
          [
            -84.426846,
            33.752237
          ]
        ]
      },
      "id": "way/874504856"
    },
    {
      "type": "Feature",
      "properties": {
        "@id": "way/874504857",
        "bicycle": "designated",
        "foot": "designated",
        "highway": "cycleway",
        "name": "Beltline Access Line",
        "oneway": "no",
        "segregated": "no",
        "surface": "concrete"
      },
      "geometry": {
        "type": "LineString",
        "coordinates": [
          [
            -84.425981,
            33.7537093
          ],
          [
            -84.4258256,
            33.753677
          ],
          [
            -84.4256955,
            33.754113
          ],
          [
            -84.4256629,
            33.7541062
          ],
          [
            -84.4257808,
            33.7536465
          ],
          [
            -84.425784,
            33.7536357
          ],
          [
            -84.4258063,
            33.7535599
          ]
        ]
      },
      "id": "way/874504857"
    },
    {
      "type": "Feature",
      "properties": {
        "@id": "way/874504858",
        "bicycle": "designated",
        "foot": "designated",
        "highway": "cycleway",
        "name": "Beltline Access Line"
      },
      "geometry": {
        "type": "LineString",
        "coordinates": [
          [
            -84.4254519,
            33.7558094
          ],
          [
            -84.4252475,
            33.7558179
          ],
          [
            -84.4251479,
            33.7558172
          ]
        ]
      },
      "id": "way/874504858"
    },
    {
      "type": "Feature",
      "properties": {
        "@id": "way/874504859",
        "highway": "path",
        "name": "Atlanta BeltLine Northwest Spur"
      },
      "geometry": {
        "type": "LineString",
        "coordinates": [
          [
            -84.4241752,
            33.7609223
          ],
          [
            -84.4242775,
            33.7614684
          ],
          [
            -84.4243268,
            33.7616784
          ],
          [
            -84.4243699,
            33.7617911
          ],
          [
            -84.4244501,
            33.761868
          ],
          [
            -84.4245795,
            33.7618885
          ],
          [
            -84.4247212,
            33.761868
          ],
          [
            -84.4251997,
            33.7618382
          ]
        ]
      },
      "id": "way/874504859"
    },
    {
      "type": "Feature",
      "properties": {
        "@id": "way/903227268",
        "abandoned:railway": "rail",
        "bicycle": "designated",
        "bridge": "yes",
        "foot": "designated",
        "highway": "cycleway",
        "name": "Westside Beltline Connector",
        "note:old_railway_operator": "AB&C",
        "old_railway_operator": "ACL",
        "railway": "abandoned",
        "segregated": "no",
        "surface": "concrete",
        "@relations": [
          {
            "role": "",
            "rel": 12321751,
            "reltags": {
              "name": "Westside Beltline Connector",
              "network": "lcn",
              "ref": "WSC",
              "route": "bicycle",
              "type": "route"
            }
          }
        ]
      },
      "geometry": {
        "type": "LineString",
        "coordinates": [
          [
            -84.4036902,
            33.7633285
          ],
          [
            -84.403869,
            33.7635296
          ]
        ]
      },
      "id": "way/903227268"
    },
    {
      "type": "Feature",
      "properties": {
        "@id": "way/903227269",
        "bicycle": "designated",
        "foot": "designated",
        "highway": "cycleway",
        "name": "Westside Beltline Connector",
        "segregated": "no",
        "surface": "concrete",
        "@relations": [
          {
            "role": "",
            "rel": 12321751,
            "reltags": {
              "name": "Westside Beltline Connector",
              "network": "lcn",
              "ref": "WSC",
              "route": "bicycle",
              "type": "route"
            }
          }
        ]
      },
      "geometry": {
        "type": "LineString",
        "coordinates": [
          [
            -84.4048675,
            33.7644365
          ],
          [
            -84.4052559,
            33.7648345
          ],
          [
            -84.4052796,
            33.7649044
          ]
        ]
      },
      "id": "way/903227269"
    },
    {
      "type": "Feature",
      "properties": {
        "@id": "way/903227270",
        "abandoned:railway": "rail",
        "bicycle": "designated",
        "foot": "designated",
        "highway": "cycleway",
        "name": "Westside Beltline Connector",
        "note:old_railway_operator": "AB&C",
        "old_railway_operator": "ACL",
        "railway": "abandoned",
        "segregated": "no",
        "surface": "concrete",
        "@relations": [
          {
            "role": "",
            "rel": 12321751,
            "reltags": {
              "name": "Westside Beltline Connector",
              "network": "lcn",
              "ref": "WSC",
              "route": "bicycle",
              "type": "route"
            }
          }
        ]
      },
      "geometry": {
        "type": "LineString",
        "coordinates": [
          [
            -84.403869,
            33.7635296
          ],
          [
            -84.4039428,
            33.7636111
          ],
          [
            -84.4039915,
            33.7636536
          ],
          [
            -84.4040894,
            33.7637263
          ],
          [
            -84.4041816,
            33.7638026
          ],
          [
            -84.4042974,
            33.7639068
          ],
          [
            -84.4044932,
            33.7640936
          ]
        ]
      },
      "id": "way/903227270"
    },
    {
      "type": "Feature",
      "properties": {
        "@id": "way/903227271",
        "abandoned:railway": "rail",
        "bicycle": "designated",
        "bridge": "yes",
        "foot": "designated",
        "highway": "cycleway",
        "name": "Westside Beltline Connector",
        "note:old_railway_operator": "AB&C",
        "old_railway_operator": "ACL",
        "railway": "abandoned",
        "segregated": "no",
        "surface": "concrete",
        "@relations": [
          {
            "role": "",
            "rel": 12321751,
            "reltags": {
              "name": "Westside Beltline Connector",
              "network": "lcn",
              "ref": "WSC",
              "route": "bicycle",
              "type": "route"
            }
          }
        ]
      },
      "geometry": {
        "type": "LineString",
        "coordinates": [
          [
            -84.4065147,
            33.7675464
          ],
          [
            -84.4065621,
            33.7676542
          ]
        ]
      },
      "id": "way/903227271"
    },
    {
      "type": "Feature",
      "properties": {
        "@id": "way/903227272",
        "abandoned:railway": "rail",
        "bicycle": "designated",
        "foot": "designated",
        "highway": "cycleway",
        "name": "Westside Beltline Connector",
        "note:old_railway_operator": "AB&C",
        "old_railway_operator": "ACL",
        "railway": "abandoned",
        "segregated": "no",
        "surface": "concrete",
        "@relations": [
          {
            "role": "",
            "rel": 12321751,
            "reltags": {
              "name": "Westside Beltline Connector",
              "network": "lcn",
              "ref": "WSC",
              "route": "bicycle",
              "type": "route"
            }
          }
        ]
      },
      "geometry": {
        "type": "LineString",
        "coordinates": [
          [
            -84.4065621,
            33.7676542
          ],
          [
            -84.4067656,
            33.768106
          ]
        ]
      },
      "id": "way/903227272"
    },
    {
      "type": "Feature",
      "properties": {
        "@id": "way/903227273",
        "abandoned:railway": "rail",
        "bicycle": "designated",
        "bridge": "yes",
        "foot": "designated",
        "highway": "cycleway",
        "name": "Westside Beltline Connector",
        "note:old_railway_operator": "AB&C",
        "old_railway_operator": "ACL",
        "railway": "abandoned",
        "segregated": "no",
        "surface": "concrete",
        "@relations": [
          {
            "role": "",
            "rel": 12321751,
            "reltags": {
              "name": "Westside Beltline Connector",
              "network": "lcn",
              "ref": "WSC",
              "route": "bicycle",
              "type": "route"
            }
          }
        ]
      },
      "geometry": {
        "type": "LineString",
        "coordinates": [
          [
            -84.4046391,
            33.7641902
          ],
          [
            -84.4047824,
            33.7643413
          ]
        ]
      },
      "id": "way/903227273"
    },
    {
      "type": "Feature",
      "properties": {
        "@id": "way/903227274",
        "abandoned:railway": "rail",
        "bicycle": "designated",
        "bridge": "yes",
        "foot": "designated",
        "highway": "cycleway",
        "name": "Westside Beltline Connector",
        "note:old_railway_operator": "AB&C",
        "old_railway_operator": "ACL",
        "railway": "abandoned",
        "segregated": "no",
        "surface": "concrete",
        "@relations": [
          {
            "role": "",
            "rel": 12321751,
            "reltags": {
              "name": "Westside Beltline Connector",
              "network": "lcn",
              "ref": "WSC",
              "route": "bicycle",
              "type": "route"
            }
          }
        ]
      },
      "geometry": {
        "type": "LineString",
        "coordinates": [
          [
            -84.4067656,
            33.768106
          ],
          [
            -84.4068654,
            33.7683178
          ]
        ]
      },
      "id": "way/903227274"
    },
    {
      "type": "Feature",
      "properties": {
        "@id": "way/903227275",
        "abandoned:railway": "rail",
        "bicycle": "designated",
        "foot": "designated",
        "highway": "cycleway",
        "name": "Westside Beltline Connector",
        "note:old_railway_operator": "AB&C",
        "old_railway_operator": "ACL",
        "railway": "abandoned",
        "segregated": "no",
        "surface": "concrete",
        "@relations": [
          {
            "role": "",
            "rel": 12321751,
            "reltags": {
              "name": "Westside Beltline Connector",
              "network": "lcn",
              "ref": "WSC",
              "route": "bicycle",
              "type": "route"
            }
          }
        ]
      },
      "geometry": {
        "type": "LineString",
        "coordinates": [
          [
            -84.405549,
            33.7655462
          ],
          [
            -84.405723,
            33.7658893
          ],
          [
            -84.4058699,
            33.7661716
          ],
          [
            -84.4062878,
            33.7670103
          ],
          [
            -84.4065147,
            33.7675464
          ]
        ]
      },
      "id": "way/903227275"
    },
    {
      "type": "Feature",
      "properties": {
        "@id": "way/903227276",
        "abandoned:railway": "rail",
        "bicycle": "designated",
        "foot": "designated",
        "highway": "cycleway",
        "name": "Westside Beltline Connector",
        "note:old_railway_operator": "AB&C",
        "old_railway_operator": "ACL",
        "railway": "abandoned",
        "segregated": "no",
        "surface": "concrete",
        "@relations": [
          {
            "role": "",
            "rel": 12321751,
            "reltags": {
              "name": "Westside Beltline Connector",
              "network": "lcn",
              "ref": "WSC",
              "route": "bicycle",
              "type": "route"
            }
          }
        ]
      },
      "geometry": {
        "type": "LineString",
        "coordinates": [
          [
            -84.4084864,
            33.7712098
          ],
          [
            -84.4092419,
            33.7719519
          ],
          [
            -84.409822,
            33.7725189
          ],
          [
            -84.4103064,
            33.7729911
          ]
        ]
      },
      "id": "way/903227276"
    },
    {
      "type": "Feature",
      "properties": {
        "@id": "way/903228958",
        "abandoned:railway": "rail",
        "bicycle": "designated",
        "foot": "designated",
        "highway": "cycleway",
        "layer": "-1",
        "name": "Westside BeltLine Connector",
        "note:old_railway_operator": "AB&C",
        "old_railway_operator": "ACL",
        "railway": "abandoned",
        "segregated": "no",
        "surface": "concrete",
        "tunnel": "yes",
        "@relations": [
          {
            "role": "",
            "rel": 12321751,
            "reltags": {
              "name": "Westside Beltline Connector",
              "network": "lcn",
              "ref": "WSC",
              "route": "bicycle",
              "type": "route"
            }
          }
        ]
      },
      "geometry": {
        "type": "LineString",
        "coordinates": [
          [
            -84.4103064,
            33.7729911
          ],
          [
            -84.4105381,
            33.7732177
          ]
        ]
      },
      "id": "way/903228958"
    },
    {
      "type": "Feature",
      "properties": {
        "@id": "way/903228959",
        "abandoned:railway": "rail",
        "bicycle": "designated",
        "foot": "designated",
        "highway": "cycleway",
        "name": "Westside BeltLine Connector",
        "note:old_railway_operator": "AB&C",
        "old_railway_operator": "ACL",
        "railway": "abandoned",
        "segregated": "no",
        "surface": "concrete",
        "@relations": [
          {
            "role": "",
            "rel": 12321751,
            "reltags": {
              "name": "Westside Beltline Connector",
              "network": "lcn",
              "ref": "WSC",
              "route": "bicycle",
              "type": "route"
            }
          }
        ]
      },
      "geometry": {
        "type": "LineString",
        "coordinates": [
          [
            -84.4105381,
            33.7732177
          ],
          [
            -84.4108012,
            33.7734712
          ],
          [
            -84.4109746,
            33.7736342
          ],
          [
            -84.411157,
            33.7738052
          ],
          [
            -84.4113579,
            33.7739651
          ],
          [
            -84.4113833,
            33.7739858
          ]
        ]
      },
      "id": "way/903228959"
    },
    {
      "type": "Feature",
      "properties": {
        "@id": "way/903231209",
        "bicycle": "designated",
        "foot": "designated",
        "highway": "cycleway",
        "name": "Beltline Access Line",
        "segregated": "no",
        "surface": "concrete"
      },
      "geometry": {
        "type": "LineString",
        "coordinates": [
          [
            -84.4168777,
            33.7749654
          ],
          [
            -84.4169885,
            33.7749671
          ],
          [
            -84.4170413,
            33.7749581
          ],
          [
            -84.417087,
            33.7749355
          ],
          [
            -84.4171258,
            33.7749014
          ],
          [
            -84.41714,
            33.7748781
          ]
        ]
      },
      "id": "way/903231209"
    },
    {
      "type": "Feature",
      "properties": {
        "@id": "way/903237681",
        "bicycle": "designated",
        "footway": "sidewalk",
        "highway": "footway",
        "name": "Westside Beltline Connector",
        "surface": "concrete",
        "@relations": [
          {
            "role": "",
            "rel": 12321751,
            "reltags": {
              "name": "Westside Beltline Connector",
              "network": "lcn",
              "ref": "WSC",
              "route": "bicycle",
              "type": "route"
            }
          }
        ]
      },
      "geometry": {
        "type": "LineString",
        "coordinates": [
          [
            -84.3971545,
            33.7641973
          ],
          [
            -84.3971202,
            33.7642138
          ],
          [
            -84.3970686,
            33.7642296
          ],
          [
            -84.3967966,
            33.7643052
          ],
          [
            -84.3965561,
            33.7643806
          ],
          [
            -84.3965125,
            33.764392
          ],
          [
            -84.3963979,
            33.7644218
          ],
          [
            -84.3963411,
            33.7644367
          ],
          [
            -84.3963158,
            33.7644474
          ],
          [
            -84.3962766,
            33.76447
          ]
        ]
      },
      "id": "way/903237681"
    },
    {
      "type": "Feature",
      "properties": {
        "@id": "way/903285029",
        "bicycle": "designated",
        "foot": "designated",
        "highway": "cycleway",
        "name": "Beltline Access Line",
        "surface": "concrete"
      },
      "geometry": {
        "type": "LineString",
        "coordinates": [
          [
            -84.4138618,
            33.7748811
          ],
          [
            -84.4138227,
            33.7749582
          ],
          [
            -84.4137581,
            33.774998
          ],
          [
            -84.4136809,
            33.775019
          ],
          [
            -84.4135783,
            33.7750286
          ],
          [
            -84.4135546,
            33.7750391
          ],
          [
            -84.4135318,
            33.7750527
          ],
          [
            -84.4135151,
            33.7750874
          ]
        ]
      },
      "id": "way/903285029"
    },
    {
      "type": "Feature",
      "properties": {
        "@id": "way/903315504",
        "bicycle": "designated",
        "foot": "designated",
        "highway": "cycleway",
        "name": "Beltline Access Line",
        "start_date": "2017-09-29",
        "surface": "paved",
        "@relations": [
          {
            "role": "",
            "rel": 8408433,
            "reltags": {
              "name": "Atlanta Beltline Trail",
              "network": "lcn",
              "ref": "BELT",
              "route": "bicycle",
              "type": "route"
            }
          }
        ]
      },
      "geometry": {
        "type": "LineString",
        "coordinates": [
          [
            -84.4318463,
            33.7378091
          ],
          [
            -84.4317931,
            33.7377817
          ],
          [
            -84.4317318,
            33.7377582
          ],
          [
            -84.4316787,
            33.7377551
          ],
          [
            -84.4316148,
            33.7377592
          ],
          [
            -84.4315551,
            33.7377748
          ],
          [
            -84.4315043,
            33.7377991
          ],
          [
            -84.4314599,
            33.7378271
          ],
          [
            -84.4313938,
            33.7378975
          ],
          [
            -84.4313269,
            33.7379742
          ],
          [
            -84.4312666,
            33.7380478
          ]
        ]
      },
      "id": "way/903315504"
    },
    {
      "type": "Feature",
      "properties": {
        "@id": "way/903321093",
        "abandoned:railway": "rail",
        "bicycle": "designated",
        "foot": "designated",
        "highway": "cycleway",
        "name": "Atlanta Beltline Southwest Trail",
        "railway": "abandoned",
        "start_date": "2017-09-29",
        "surface": "paved",
        "@relations": [
          {
            "role": "",
            "rel": 8408433,
            "reltags": {
              "name": "Atlanta Beltline Trail",
              "network": "lcn",
              "ref": "BELT",
              "route": "bicycle",
              "type": "route"
            }
          }
        ]
      },
      "geometry": {
        "type": "LineString",
        "coordinates": [
          [
            -84.4329939,
            33.7389031
          ],
          [
            -84.4329223,
            33.7388389
          ],
          [
            -84.4327016,
            33.7386322
          ],
          [
            -84.4323637,
            33.7383857
          ],
          [
            -84.4321722,
            33.7382001
          ],
          [
            -84.4318463,
            33.7378091
          ]
        ]
      },
      "id": "way/903321093"
    },
    {
      "type": "Feature",
      "properties": {
        "@id": "way/903321097",
        "abandoned:railway": "rail",
        "bicycle": "designated",
        "foot": "designated",
        "highway": "cycleway",
        "layer": "-1",
        "name": "Atlanta Beltline Southwest Trail",
        "oneway": "no",
        "railway": "abandoned",
        "segregated": "no",
        "start_date": "2017-09-29",
        "surface": "paved",
        "tunnel": "yes",
        "@relations": [
          {
            "role": "",
            "rel": 8408433,
            "reltags": {
              "name": "Atlanta Beltline Trail",
              "network": "lcn",
              "ref": "BELT",
              "route": "bicycle",
              "type": "route"
            }
          }
        ]
      },
      "geometry": {
        "type": "LineString",
        "coordinates": [
          [
            -84.4332466,
            33.7391125
          ],
          [
            -84.4329939,
            33.7389031
          ]
        ]
      },
      "id": "way/903321097"
    },
    {
      "type": "Feature",
      "properties": {
        "@id": "way/907902911",
        "foot": "no",
        "highway": "cycleway",
        "horse": "no",
        "name": "Atlanta Beltline Southeast Trail",
        "oneway": "no",
        "surface": "asphalt",
        "@relations": [
          {
            "role": "",
            "rel": 8408433,
            "reltags": {
              "name": "Atlanta Beltline Trail",
              "network": "lcn",
              "ref": "BELT",
              "route": "bicycle",
              "type": "route"
            }
          }
        ]
      },
      "geometry": {
        "type": "LineString",
        "coordinates": [
          [
            -84.3581381,
            33.7405703
          ],
          [
            -84.358139,
            33.7406565
          ],
          [
            -84.3581507,
            33.7417834
          ],
          [
            -84.3581515,
            33.7418596
          ],
          [
            -84.358152,
            33.7419491
          ],
          [
            -84.3581554,
            33.742579
          ],
          [
            -84.358157,
            33.7428313
          ]
        ]
      },
      "id": "way/907902911"
    },
    {
      "type": "Feature",
      "properties": {
        "@id": "way/907902912",
        "foot": "no",
        "highway": "cycleway",
        "horse": "no",
        "name": "Atlanta Beltline Southeast Trail",
        "oneway": "no",
        "surface": "paved",
        "@relations": [
          {
            "role": "",
            "rel": 8408433,
            "reltags": {
              "name": "Atlanta Beltline Trail",
              "network": "lcn",
              "ref": "BELT",
              "route": "bicycle",
              "type": "route"
            }
          },
          {
            "role": "",
            "rel": 8408433,
            "reltags": {
              "name": "Atlanta Beltline Trail",
              "network": "lcn",
              "ref": "BELT",
              "route": "bicycle",
              "type": "route"
            }
          }
        ]
      },
      "geometry": {
        "type": "LineString",
        "coordinates": [
          [
            -84.3581381,
            33.7405703
          ],
          [
            -84.3581405,
            33.7405001
          ],
          [
            -84.358163,
            33.7398524
          ],
          [
            -84.3582129,
            33.7397632
          ]
        ]
      },
      "id": "way/907902912"
    },
    {
      "type": "Feature",
      "properties": {
        "@id": "way/907902913",
        "bicycle": "designated",
        "foot": "designated",
        "highway": "cycleway",
        "horse": "no",
        "name": "Atlanta Beltline Southeast Trail",
        "oneway": "no",
        "surface": "concrete",
        "@relations": [
          {
            "role": "",
            "rel": 8408433,
            "reltags": {
              "name": "Atlanta Beltline Trail",
              "network": "lcn",
              "ref": "BELT",
              "route": "bicycle",
              "type": "route"
            }
          }
        ]
      },
      "geometry": {
        "type": "LineString",
        "coordinates": [
          [
            -84.3581402,
            33.7431297
          ],
          [
            -84.3581496,
            33.7429308
          ],
          [
            -84.3581572,
            33.7428612
          ],
          [
            -84.358157,
            33.7428313
          ]
        ]
      },
      "id": "way/907902913"
    },
    {
      "type": "Feature",
      "properties": {
        "@id": "way/930399576",
        "abandoned:railway": "rail",
        "bicycle": "designated",
        "electrified": "no",
        "end_date:railway": "2017",
        "foot": "designated",
        "gauge": "1435",
        "highway": "cycleway",
        "name": "Atlanta Beltline Northeast Trail",
        "old_railway_operator": "Southern",
        "oneway": "no",
        "operator": "Norfolk Southern Railway",
        "operator:wikidata": "Q1321054",
        "railway": "abandoned",
        "segregated": "no",
        "surface": "concrete"
      },
      "geometry": {
        "type": "LineString",
        "coordinates": [
          [
            -84.3772081,
            33.8095753
          ],
          [
            -84.3772509,
            33.8095706
          ],
          [
            -84.3773024,
            33.8095597
          ],
          [
            -84.3773204,
            33.8095559
          ],
          [
            -84.3773941,
            33.8095309
          ],
          [
            -84.3774671,
            33.8094995
          ],
          [
            -84.3775692,
            33.8094373
          ],
          [
            -84.3776343,
            33.8093745
          ],
          [
            -84.3776729,
            33.8093141
          ],
          [
            -84.3776952,
            33.8092601
          ],
          [
            -84.3777051,
            33.8091952
          ],
          [
            -84.3777076,
            33.8091365
          ]
        ]
      },
      "id": "way/930399576"
    },
    {
      "type": "Feature",
      "properties": {
        "@id": "way/930399577",
        "bicycle": "designated",
        "electrified": "no",
        "foot": "designated",
        "gauge": "1435",
        "highway": "cycleway",
        "name": "Beltline Access Line",
        "segregated": "no",
        "service": "spur",
        "surface": "concrete"
      },
      "geometry": {
        "type": "LineString",
        "coordinates": [
          [
            -84.3739365,
            33.8011581
          ],
          [
            -84.3738461,
            33.8009404
          ],
          [
            -84.3738061,
            33.8008002
          ],
          [
            -84.3737847,
            33.8006879
          ],
          [
            -84.3737212,
            33.8005783
          ],
          [
            -84.3736371,
            33.8005046
          ],
          [
            -84.3735698,
            33.8004525
          ],
          [
            -84.3735226,
            33.8003948
          ],
          [
            -84.3734963,
            33.8003007
          ],
          [
            -84.3735033,
            33.8001963
          ],
          [
            -84.3735137,
            33.8001227
          ]
        ]
      },
      "id": "way/930399577"
    },
    {
      "type": "Feature",
      "properties": {
        "@id": "way/969871252",
        "abandoned": "railway",
        "bicycle": "designated",
        "foot": "designated",
        "highway": "cycleway",
        "name": "Beltline Access Line",
        "@relations": [
          {
            "role": "",
            "rel": 8408433,
            "reltags": {
              "name": "Atlanta Beltline Trail",
              "network": "lcn",
              "ref": "BELT",
              "route": "bicycle",
              "type": "route"
            }
          }
        ]
      },
      "geometry": {
        "type": "LineString",
        "coordinates": [
          [
            -84.4105725,
            33.7211977
          ],
          [
            -84.4106311,
            33.7211275
          ],
          [
            -84.4106701,
            33.7211093
          ],
          [
            -84.4107187,
            33.7210972
          ],
          [
            -84.4107722,
            33.7210992
          ],
          [
            -84.410832,
            33.7211069
          ],
          [
            -84.4110299,
            33.7211781
          ],
          [
            -84.4114735,
            33.721318
          ],
          [
            -84.4115154,
            33.7213277
          ],
          [
            -84.4115632,
            33.7213332
          ],
          [
            -84.4116454,
            33.7213336
          ],
          [
            -84.4116882,
            33.7213334
          ],
          [
            -84.4117906,
            33.7213455
          ],
          [
            -84.4119027,
            33.7213669
          ],
          [
            -84.4120476,
            33.7214071
          ],
          [
            -84.4122192,
            33.7214733
          ],
          [
            -84.4123925,
            33.7215586
          ],
          [
            -84.4124757,
            33.7216247
          ],
          [
            -84.4126949,
            33.721801
          ],
          [
            -84.4127542,
            33.7218528
          ],
          [
            -84.412815,
            33.7218935
          ],
          [
            -84.4128754,
            33.7219244
          ],
          [
            -84.413146,
            33.7220426
          ],
          [
            -84.4134131,
            33.7221218
          ]
        ]
      },
      "id": "way/969871252"
    },
    {
      "type": "Feature",
      "properties": {
        "@id": "way/969871265",
        "abandoned:railway": "rail",
        "bicycle": "designated",
        "check_date": "2023-11-08",
        "foot": "designated",
        "highway": "cycleway",
        "name": "Atlanta Beltline Southside Trail",
        "oneway": "no",
        "railway": "abandoned",
        "segregated": "no",
        "service": "siding",
        "surface": "concrete",
        "@relations": [
          {
            "role": "",
            "rel": 8408433,
            "reltags": {
              "name": "Atlanta Beltline Trail",
              "network": "lcn",
              "ref": "BELT",
              "route": "bicycle",
              "type": "route"
            }
          }
        ]
      },
      "geometry": {
        "type": "LineString",
        "coordinates": [
          [
            -84.363698,
            33.7283487
          ],
          [
            -84.3634332,
            33.7285938
          ],
          [
            -84.3631297,
            33.728856
          ],
          [
            -84.3628903,
            33.7290793
          ],
          [
            -84.3626685,
            33.7293075
          ],
          [
            -84.3623883,
            33.7296279
          ],
          [
            -84.3621898,
            33.7298658
          ],
          [
            -84.3619563,
            33.7301911
          ],
          [
            -84.3617257,
            33.7305237
          ],
          [
            -84.3614805,
            33.7309412
          ],
          [
            -84.3612239,
            33.7314135
          ],
          [
            -84.3611798,
            33.7314947
          ],
          [
            -84.3611732,
            33.731509
          ],
          [
            -84.3610076,
            33.7318661
          ],
          [
            -84.3607624,
            33.732354
          ],
          [
            -84.360648,
            33.7326567
          ],
          [
            -84.360499,
            33.7329926
          ],
          [
            -84.3602708,
            33.7335187
          ]
        ]
      },
      "id": "way/969871265"
    },
    {
      "type": "Feature",
      "properties": {
        "@id": "way/969871276",
        "construction": "cycleway",
        "highway": "footway",
        "name": "Atlanta BeltLine Westside Interim Hiking Trail",
        "start_date": "2017-09-29",
        "surface": "unpaved",
        "@relations": [
          {
            "role": "",
            "rel": 8408433,
            "reltags": {
              "name": "Atlanta Beltline Trail",
              "network": "lcn",
              "ref": "BELT",
              "route": "bicycle",
              "type": "route"
            }
          }
        ]
      },
      "geometry": {
        "type": "LineString",
        "coordinates": [
          [
            -84.4316787,
            33.7377551
          ],
          [
            -84.4315548,
            33.7373776
          ],
          [
            -84.43138,
            33.7370099
          ]
        ]
      },
      "id": "way/969871276"
    },
    {
      "type": "Feature",
      "properties": {
        "@id": "way/969871297",
        "bicycle": "designated",
        "foot": "designated",
        "highway": "cycleway",
        "name": "Westside BeltLine Connector",
        "segregated": "no",
        "surface": "concrete",
        "@relations": [
          {
            "role": "",
            "rel": 12321751,
            "reltags": {
              "name": "Westside Beltline Connector",
              "network": "lcn",
              "ref": "WSC",
              "route": "bicycle",
              "type": "route"
            }
          }
        ]
      },
      "geometry": {
        "type": "LineString",
        "coordinates": [
          [
            -84.413574,
            33.7748097
          ],
          [
            -84.4138618,
            33.7748811
          ],
          [
            -84.4141163,
            33.7749619
          ],
          [
            -84.414254,
            33.7750095
          ],
          [
            -84.4143599,
            33.7750268
          ],
          [
            -84.4144753,
            33.7750282
          ],
          [
            -84.414575,
            33.7750102
          ],
          [
            -84.4146974,
            33.7749845
          ],
          [
            -84.4148035,
            33.7749768
          ],
          [
            -84.4149467,
            33.7749844
          ],
          [
            -84.4150628,
            33.7750046
          ],
          [
            -84.4152694,
            33.7750559
          ],
          [
            -84.4153878,
            33.7750815
          ]
        ]
      },
      "id": "way/969871297"
    },
    {
      "type": "Feature",
      "properties": {
        "@id": "way/969871298",
        "abandoned:railway": "rail",
        "bicycle": "designated",
        "electrified": "no",
        "end_date:railway": "2019",
        "foot": "designated",
        "highway": "cycleway",
        "name": "Westside BeltLine Connector",
        "note:old_railway_operator": "AB&C",
        "old_railway_operator": "ACL",
        "railway": "abandoned",
        "segregated": "no",
        "surface": "concrete",
        "@relations": [
          {
            "role": "",
            "rel": 12321751,
            "reltags": {
              "name": "Westside Beltline Connector",
              "network": "lcn",
              "ref": "WSC",
              "route": "bicycle",
              "type": "route"
            }
          }
        ]
      },
      "geometry": {
        "type": "LineString",
        "coordinates": [
          [
            -84.4124617,
            33.7745552
          ],
          [
            -84.412541,
            33.7745766
          ],
          [
            -84.4128633,
            33.7746406
          ],
          [
            -84.4131379,
            33.7746979
          ],
          [
            -84.413574,
            33.7748097
          ]
        ]
      },
      "id": "way/969871298"
    },
    {
      "type": "Feature",
      "properties": {
        "@id": "way/1032063076",
        "abandoned:railway": "rail",
        "highway": "path",
        "name": "Interim BeltLine Northeast Trail",
        "railway": "abandoned",
        "surface": "gravel",
        "@relations": [
          {
            "role": "",
            "rel": 8408433,
            "reltags": {
              "name": "Atlanta Beltline Trail",
              "network": "lcn",
              "ref": "BELT",
              "route": "bicycle",
              "type": "route"
            }
          }
        ]
      },
      "geometry": {
        "type": "LineString",
        "coordinates": [
          [
            -84.3702583,
            33.7933232
          ],
          [
            -84.3701985,
            33.7929341
          ],
          [
            -84.3701928,
            33.7928969
          ],
          [
            -84.3701444,
            33.7924838
          ],
          [
            -84.3701384,
            33.7923206
          ],
          [
            -84.3701297,
            33.792136
          ],
          [
            -84.3701315,
            33.7921017
          ]
        ]
      },
      "id": "way/1032063076"
    },
    {
      "type": "Feature",
      "properties": {
        "@id": "way/1032063077",
        "abandoned:railway": "rail",
        "bridge": "yes",
        "highway": "path",
        "layer": "1",
        "name": "Interim BeltLine Northeast Trail",
        "railway": "abandoned",
        "surface": "gravel",
        "@relations": [
          {
            "role": "",
            "rel": 8408433,
            "reltags": {
              "name": "Atlanta Beltline Trail",
              "network": "lcn",
              "ref": "BELT",
              "route": "bicycle",
              "type": "route"
            }
          }
        ]
      },
      "geometry": {
        "type": "LineString",
        "coordinates": [
          [
            -84.3701315,
            33.7921017
          ],
          [
            -84.3701359,
            33.7920209
          ]
        ]
      },
      "id": "way/1032063077"
    },
    {
      "type": "Feature",
      "properties": {
        "@id": "way/1043074289",
        "bicycle": "designated",
        "foot": "designated",
        "highway": "cycleway",
        "name": "Beltline Access Line"
      },
      "geometry": {
        "type": "LineString",
        "coordinates": [
          [
            -84.3609297,
            33.7626587
          ],
          [
            -84.3606436,
            33.7625241
          ],
          [
            -84.3604245,
            33.7624302
          ]
        ]
      },
      "id": "way/1043074289"
    },
    {
      "type": "Feature",
      "properties": {
        "@id": "way/1043756758",
        "abandoned:railway": "rail",
        "bicycle": "designated",
        "bridge": "yes",
        "electrified": "no",
        "end_date:railway": "2017",
        "foot": "designated",
        "gauge": "1435",
        "highway": "cycleway",
        "layer": "1",
        "name": "Atlanta Beltline Northeast Trail",
        "old_railway_operator": "Southern",
        "oneway": "no",
        "operator": "Norfolk Southern Railway",
        "operator:wikidata": "Q1321054",
        "railway": "abandoned",
        "segregated": "no",
        "surface": "concrete",
        "@relations": [
          {
            "role": "",
            "rel": 8408433,
            "reltags": {
              "name": "Atlanta Beltline Trail",
              "network": "lcn",
              "ref": "BELT",
              "route": "bicycle",
              "type": "route"
            }
          }
        ]
      },
      "geometry": {
        "type": "LineString",
        "coordinates": [
          [
            -84.3775064,
            33.8079038
          ],
          [
            -84.3774685,
            33.8076509
          ],
          [
            -84.3774234,
            33.8073894
          ]
        ]
      },
      "id": "way/1043756758"
    },
    {
      "type": "Feature",
      "properties": {
        "@id": "way/1043756762",
        "abandoned:railway": "rail",
        "bicycle": "designated",
        "construction": "cycleway",
        "foot": "designated",
        "highway": "cycleway",
        "lit": "yes",
        "motor_vehicle": "no",
        "name": "Atlanta Beltline Eastside Trail",
        "old_railway_operator": "Southern",
        "oneway": "no",
        "railway": "abandoned",
        "segregated": "no",
        "start_date": "2017-9-1",
        "surface": "concrete",
        "@relations": [
          {
            "role": "",
            "rel": 8408433,
            "reltags": {
              "name": "Atlanta Beltline Trail",
              "network": "lcn",
              "ref": "BELT",
              "route": "bicycle",
              "type": "route"
            }
          }
        ]
      },
      "geometry": {
        "type": "LineString",
        "coordinates": [
          [
            -84.3652644,
            33.7557128
          ],
          [
            -84.3652157,
            33.7559635
          ],
          [
            -84.3651237,
            33.756437
          ],
          [
            -84.3651028,
            33.7565394
          ],
          [
            -84.364981,
            33.7571357
          ],
          [
            -84.3649241,
            33.7574142
          ],
          [
            -84.3649027,
            33.7575192
          ]
        ]
      },
      "id": "way/1043756762"
    },
    {
      "type": "Feature",
      "properties": {
        "@id": "way/1081842700",
        "abandoned:railway": "rail",
        "bicycle": "designated",
        "foot": "designated",
        "highway": "cycleway",
        "name": "Atlanta Beltline Southside Trail",
        "oneway": "no",
        "railway": "abandoned",
        "segregated": "no",
        "smoothness": "excellent",
        "surface": "paved",
        "@relations": [
          {
            "role": "",
            "rel": 8408433,
            "reltags": {
              "name": "Atlanta Beltline Trail",
              "network": "lcn",
              "ref": "BELT",
              "route": "bicycle",
              "type": "route"
            }
          }
        ]
      },
      "geometry": {
        "type": "LineString",
        "coordinates": [
          [
            -84.3935238,
            33.719477
          ],
          [
            -84.3936772,
            33.7194402
          ],
          [
            -84.3939336,
            33.7193869
          ],
          [
            -84.3942513,
            33.7193555
          ],
          [
            -84.3949402,
            33.7193463
          ],
          [
            -84.3951552,
            33.7193519
          ],
          [
            -84.395282,
            33.719362
          ],
          [
            -84.395669,
            33.7194255
          ],
          [
            -84.3962251,
            33.7195579
          ],
          [
            -84.3986215,
            33.7201881
          ]
        ]
      },
      "id": "way/1081842700"
    },
    {
      "type": "Feature",
      "properties": {
        "@id": "way/1091002495",
        "bicycle": "designated",
        "foot": "designated",
        "highway": "cycleway",
        "name": "Beltline Access Line"
      },
      "geometry": {
        "type": "LineString",
        "coordinates": [
          [
            -84.4016053,
            33.7206317
          ],
          [
            -84.4016039,
            33.7205131
          ]
        ]
      },
      "id": "way/1091002495"
    },
    {
      "type": "Feature",
      "properties": {
        "@id": "way/1091002496",
        "bicycle": "designated",
        "foot": "designated",
        "highway": "cycleway",
        "name": "Beltline Access Line",
        "surface": "concrete"
      },
      "geometry": {
        "type": "LineString",
        "coordinates": [
          [
            -84.4016039,
            33.7205131
          ],
          [
            -84.4015506,
            33.7202917
          ],
          [
            -84.4016128,
            33.7201704
          ],
          [
            -84.4017457,
            33.7200712
          ],
          [
            -84.4019011,
            33.720013
          ],
          [
            -84.4019485,
            33.7199724
          ],
          [
            -84.4019469,
            33.7198644
          ],
          [
            -84.4018685,
            33.7197278
          ],
          [
            -84.4019751,
            33.7195659
          ],
          [
            -84.4019879,
            33.7194734
          ],
          [
            -84.4019061,
            33.7191364
          ]
        ]
      },
      "id": "way/1091002496"
    },
    {
      "type": "Feature",
      "properties": {
        "@id": "way/1091002497",
        "bicycle": "designated",
        "foot": "designated",
        "highway": "cycleway",
        "incline": "up",
        "name": "Beltline Access Line",
        "surface": "paved"
      },
      "geometry": {
        "type": "LineString",
        "coordinates": [
          [
            -84.4077901,
            33.7202969
          ],
          [
            -84.4077403,
            33.7202997
          ],
          [
            -84.4077392,
            33.7203203
          ],
          [
            -84.407495,
            33.7203027
          ],
          [
            -84.4071435,
            33.7202787
          ],
          [
            -84.4071399,
            33.7203117
          ],
          [
            -84.4073594,
            33.7203254
          ],
          [
            -84.4073454,
            33.7204968
          ]
        ]
      },
      "id": "way/1091002497"
    },
    {
      "type": "Feature",
      "properties": {
        "@id": "way/1091002498",
        "highway": "steps",
        "name": "Beltline Access Line"
      },
      "geometry": {
        "type": "LineString",
        "coordinates": [
          [
            -84.407495,
            33.7203027
          ],
          [
            -84.4074906,
            33.7203351
          ],
          [
            -84.4073594,
            33.7203254
          ]
        ]
      },
      "id": "way/1091002498"
    },
    {
      "type": "Feature",
      "properties": {
        "@id": "way/1117472171",
        "bicycle": "designated",
        "foot": "designated",
        "highway": "cycleway",
        "motorcycle": "no",
        "name": "Atlanta Beltline Northside Trail",
        "oneway": "no",
        "@relations": [
          {
            "role": "",
            "rel": 8408433,
            "reltags": {
              "name": "Atlanta Beltline Trail",
              "network": "lcn",
              "ref": "BELT",
              "route": "bicycle",
              "type": "route"
            }
          }
        ]
      },
      "geometry": {
        "type": "LineString",
        "coordinates": [
          [
            -84.4005141,
            33.8063413
          ],
          [
            -84.4003369,
            33.8062962
          ],
          [
            -84.4002349,
            33.806271
          ]
        ]
      },
      "id": "way/1117472171"
    },
    {
      "type": "Feature",
      "properties": {
        "@id": "way/1118174874",
        "handrail": "yes",
        "highway": "steps",
        "incline": "down",
        "name": "Beltline Access Line",
        "ramp": "yes",
        "ramp:bicycle": "yes",
        "step_count": "49",
        "surface": "concrete",
        "tactile_paving": "no"
      },
      "geometry": {
        "type": "LineString",
        "coordinates": [
          [
            -84.3630275,
            33.7693053
          ],
          [
            -84.3631899,
            33.7692247
          ]
        ]
      },
      "id": "way/1118174874"
    },
    {
      "type": "Feature",
      "properties": {
        "@id": "way/1118174882",
        "highway": "steps",
        "name": "Beltline Access Line"
      },
      "geometry": {
        "type": "LineString",
        "coordinates": [
          [
            -84.364403,
            33.7712221
          ],
          [
            -84.3641131,
            33.7713005
          ]
        ]
      },
      "id": "way/1118174882"
    },
    {
      "type": "Feature",
      "properties": {
        "@id": "way/1118174883",
        "bicycle": "designated",
        "foot": "designated",
        "highway": "cycleway",
        "name": "Beltline Access Line"
      },
      "geometry": {
        "type": "LineString",
        "coordinates": [
          [
            -84.3641131,
            33.7713005
          ],
          [
            -84.3640746,
            33.7712582
          ],
          [
            -84.363989,
            33.7712585
          ]
        ]
      },
      "id": "way/1118174883"
    },
    {
      "type": "Feature",
      "properties": {
        "@id": "way/1157535208",
        "highway": "path",
        "name": "Trail access to beltline right of way"
      },
      "geometry": {
        "type": "LineString",
        "coordinates": [
          [
            -84.424082,
            33.765975
          ],
          [
            -84.4241577,
            33.7658485
          ],
          [
            -84.4242054,
            33.7656288
          ],
          [
            -84.4241181,
            33.7654778
          ],
          [
            -84.4240226,
            33.7655001
          ],
          [
            -84.4237979,
            33.7653172
          ],
          [
            -84.4237153,
            33.7653762
          ],
          [
            -84.4236419,
            33.7653143
          ],
          [
            -84.4237728,
            33.7651027
          ]
        ]
      },
      "id": "way/1157535208"
    },
    {
      "type": "Feature",
      "properties": {
        "@id": "way/1164074994",
        "abandoned:railway": "rail",
        "bicycle": "designated",
        "electrified": "no",
        "end_date": "2019",
        "foot": "designated",
        "gauge": "1435",
        "highway": "cycleway",
        "name": "Westside BeltLine Connector",
        "note:old_railway_operator": "AB&C",
        "old_railway_operator": "ACL",
        "oneway": "no",
        "operator": "CSX Transportation",
        "operator:wikidata": "Q856783",
        "railway": "abandoned",
        "segregated": "no",
        "service": "spur",
        "surface": "concrete",
        "@relations": [
          {
            "role": "",
            "rel": 12321751,
            "reltags": {
              "name": "Westside Beltline Connector",
              "network": "lcn",
              "ref": "WSC",
              "route": "bicycle",
              "type": "route"
            }
          }
        ]
      },
      "geometry": {
        "type": "LineString",
        "coordinates": [
          [
            -84.4174304,
            33.7748814
          ],
          [
            -84.4175368,
            33.7748839
          ],
          [
            -84.418305,
            33.774895
          ],
          [
            -84.419692,
            33.774903
          ],
          [
            -84.4206213,
            33.7749016
          ],
          [
            -84.4209206,
            33.7748993
          ],
          [
            -84.421115,
            33.7748925
          ],
          [
            -84.4212202,
            33.7748804
          ],
          [
            -84.4213749,
            33.7748505
          ],
          [
            -84.4215098,
            33.7748281
          ],
          [
            -84.4216691,
            33.7748017
          ],
          [
            -84.422043,
            33.774753
          ],
          [
            -84.4228192,
            33.7746292
          ],
          [
            -84.4228556,
            33.7746234
          ],
          [
            -84.4230207,
            33.7746024
          ],
          [
            -84.4231263,
            33.7745943
          ],
          [
            -84.4231878,
            33.7745822
          ],
          [
            -84.4232375,
            33.7745645
          ],
          [
            -84.4232927,
            33.7745327
          ],
          [
            -84.4234107,
            33.774429
          ],
          [
            -84.4234728,
            33.7743804
          ]
        ]
      },
      "id": "way/1164074994"
    },
    {
      "type": "Feature",
      "properties": {
        "@id": "way/1164074995",
        "bicycle": "designated",
        "foot": "designated",
        "gauge": "1435",
        "highway": "cycleway",
        "name": "Atlanta Beltline Northwest Trail",
        "oneway": "no",
        "operator:wikidata": "Q856783",
        "segregated": "no",
        "surface": "concrete",
        "@relations": [
          {
            "role": "",
            "rel": 8408433,
            "reltags": {
              "name": "Atlanta Beltline Trail",
              "network": "lcn",
              "ref": "BELT",
              "route": "bicycle",
              "type": "route"
            }
          }
        ]
      },
      "geometry": {
        "type": "LineString",
        "coordinates": [
          [
            -84.4281603,
            33.7875624
          ],
          [
            -84.4283581,
            33.788322
          ],
          [
            -84.4283686,
            33.7883443
          ],
          [
            -84.4283791,
            33.7883665
          ],
          [
            -84.4284252,
            33.7884777
          ],
          [
            -84.4284306,
            33.7885055
          ],
          [
            -84.428429,
            33.7885494
          ]
        ]
      },
      "id": "way/1164074995"
    },
    {
      "type": "Feature",
      "properties": {
        "@id": "way/1164074996",
        "bicycle": "designated",
        "bridge": "yes",
        "foot": "designated",
        "gauge": "1435",
        "highway": "cycleway",
        "layer": "1",
        "name": "Atlanta Beltline Northwest Trail",
        "oneway": "no",
        "operator:wikidata": "Q856783",
        "segregated": "no",
        "surface": "concrete",
        "@relations": [
          {
            "role": "",
            "rel": 8408433,
            "reltags": {
              "name": "Atlanta Beltline Trail",
              "network": "lcn",
              "ref": "BELT",
              "route": "bicycle",
              "type": "route"
            }
          }
        ]
      },
      "geometry": {
        "type": "LineString",
        "coordinates": [
          [
            -84.4279916,
            33.7865039
          ],
          [
            -84.4279744,
            33.7866138
          ],
          [
            -84.4281603,
            33.7875624
          ]
        ]
      },
      "id": "way/1164074996"
    },
    {
      "type": "Feature",
      "properties": {
        "@id": "way/1186242585",
        "bicycle": "designated",
        "foot": "designated",
        "highway": "cycleway",
        "name": "Beltline Access Line",
        "surface": "dirt"
      },
      "geometry": {
        "type": "LineString",
        "coordinates": [
          [
            -84.3733286,
            33.7998577
          ],
          [
            -84.3732928,
            33.7998488
          ],
          [
            -84.3731619,
            33.7998014
          ],
          [
            -84.3730957,
            33.7997349
          ],
          [
            -84.3729755,
            33.79958
          ],
          [
            -84.3729231,
            33.7995352
          ],
          [
            -84.3728492,
            33.7995198
          ],
          [
            -84.3727629,
            33.7995006
          ],
          [
            -84.3726412,
            33.7994033
          ],
          [
            -84.3725925,
            33.7993992
          ]
        ]
      },
      "id": "way/1186242585"
    },
    {
      "type": "Feature",
      "properties": {
        "@id": "way/1186242886",
        "highway": "footway",
        "name": "Midtown Promenade - Beltline Connection"
      },
      "geometry": {
        "type": "LineString",
        "coordinates": [
          [
            -84.3673739,
            33.7799824
          ],
          [
            -84.3673539,
            33.7800111
          ],
          [
            -84.3673488,
            33.7801048
          ],
          [
            -84.3672935,
            33.7801441
          ],
          [
            -84.3672566,
            33.7801629
          ]
        ]
      },
      "id": "way/1186242886"
    },
    {
      "type": "Feature",
      "properties": {
        "@id": "way/1216082913",
        "bicycle": "designated",
        "foot": "designated",
        "highway": "cycleway",
        "name": "Atlanta Beltline Southeast Trail",
        "segregated": "no",
        "surface": "concrete",
        "@relations": [
          {
            "role": "",
            "rel": 8408433,
            "reltags": {
              "name": "Atlanta Beltline Trail",
              "network": "lcn",
              "ref": "BELT",
              "route": "bicycle",
              "type": "route"
            }
          }
        ]
      },
      "geometry": {
        "type": "LineString",
        "coordinates": [
          [
            -84.3582413,
            33.7466629
          ],
          [
            -84.3580594,
            33.7466559
          ]
        ]
      },
      "id": "way/1216082913"
    },
    {
      "type": "Feature",
      "properties": {
        "@id": "way/1217430776",
        "bicycle": "designated",
        "foot": "designated",
        "highway": "cycleway",
        "name": "Beltline Access Line",
        "segregated": "no"
      },
      "geometry": {
        "type": "LineString",
        "coordinates": [
          [
            -84.4261391,
            33.7756665
          ],
          [
            -84.426072,
            33.7756657
          ]
        ]
      },
      "id": "way/1217430776"
    },
    {
      "type": "Feature",
      "properties": {
        "@id": "way/1229184079",
        "bicycle": "designated",
        "foot": "designated",
        "highway": "cycleway",
        "name": "Beltline Access Line"
      },
      "geometry": {
        "type": "LineString",
        "coordinates": [
          [
            -84.3629278,
            33.7693133
          ],
          [
            -84.362775,
            33.769006
          ],
          [
            -84.3627314,
            33.768903
          ],
          [
            -84.3625855,
            33.7687482
          ],
          [
            -84.3625138,
            33.7687048
          ]
        ]
      },
      "id": "way/1229184079"
    },
    {
      "type": "Feature",
      "properties": {
        "@id": "way/1229184080",
        "bicycle": "designated",
        "foot": "designated",
        "highway": "cycleway",
        "name": "Beltline Access Line"
      },
      "geometry": {
        "type": "LineString",
        "coordinates": [
          [
            -84.3623528,
            33.7689767
          ],
          [
            -84.3624412,
            33.7688274
          ]
        ]
      },
      "id": "way/1229184080"
    },
    {
      "type": "Feature",
      "properties": {
        "@id": "way/1229184081",
        "bicycle": "designated",
        "foot": "designated",
        "highway": "cycleway",
        "name": "Beltline Access Line",
        "surface": "concrete"
      },
      "geometry": {
        "type": "LineString",
        "coordinates": [
          [
            -84.362775,
            33.769006
          ],
          [
            -84.3626195,
            33.7690308
          ],
          [
            -84.3624412,
            33.7688274
          ]
        ]
      },
      "id": "way/1229184081"
    },
    {
      "type": "Feature",
      "properties": {
        "@id": "way/1229184082",
        "bicycle": "designated",
        "foot": "designated",
        "highway": "cycleway",
        "name": "Beltline Access Line"
      },
      "geometry": {
        "type": "LineString",
        "coordinates": [
          [
            -84.3624046,
            33.7685947
          ],
          [
            -84.3623316,
            33.7686935
          ],
          [
            -84.362129,
            33.7687602
          ]
        ]
      },
      "id": "way/1229184082"
    },
    {
      "type": "Feature",
      "properties": {
        "@id": "way/1317656141",
        "bicycle": "designated",
        "highway": "cycleway",
        "name": "Beltline Access Line",
        "segregated": "no"
      },
      "geometry": {
        "type": "LineString",
        "coordinates": [
          [
            -84.3653742,
            33.7767632
          ],
          [
            -84.3652604,
            33.7767649
          ],
          [
            -84.3652597,
            33.7767312
          ],
          [
            -84.3652596,
            33.7766846
          ]
        ]
      },
      "id": "way/1317656141"
    },
    {
      "type": "Feature",
      "properties": {
        "@id": "way/1353724250",
        "bicycle": "designated",
        "foot": "designated",
        "highway": "cycleway",
        "name": "Beltline Access Line"
      },
      "geometry": {
        "type": "LineString",
        "coordinates": [
          [
            -84.4284562,
            33.7796324
          ],
          [
            -84.4284411,
            33.779641
          ]
        ]
      },
      "id": "way/1353724250"
    },
    {
      "type": "Feature",
      "properties": {
        "@id": "way/1353724251",
        "bicycle": "designated",
        "foot": "designated",
        "highway": "cycleway",
        "name": "Beltline Access Line"
      },
      "geometry": {
        "type": "LineString",
        "coordinates": [
          [
            -84.4283633,
            33.7797125
          ],
          [
            -84.428314,
            33.779781
          ]
        ]
      },
      "id": "way/1353724251"
    },
    {
      "type": "Feature",
      "properties": {
        "@id": "way/1353860784",
        "bicycle": "designated",
        "foot": "designated",
        "highway": "cycleway",
        "name": "Beltline Access Line",
        "segregated": "no",
        "surface": "concrete"
      },
      "geometry": {
        "type": "LineString",
        "coordinates": [
          [
            -84.3627584,
            33.7694354
          ],
          [
            -84.3629445,
            33.7693455
          ]
        ]
      },
      "id": "way/1353860784"
    },
    {
      "type": "Feature",
      "properties": {
        "@id": "way/1353860785",
        "bicycle": "designated",
        "foot": "designated",
        "highway": "cycleway",
        "name": "Beltline Access Line",
        "segregated": "no",
        "surface": "concrete"
      },
      "geometry": {
        "type": "LineString",
        "coordinates": [
          [
            -84.3629278,
            33.7693133
          ],
          [
            -84.3631896,
            33.7691927
          ]
        ]
      },
      "id": "way/1353860785"
    },
    {
      "type": "Feature",
      "properties": {
        "@id": "way/1353860787",
        "bicycle": "designated",
        "crossing": "traffic_signals",
        "crossing:markings": "yes",
        "crossing:signals": "yes",
        "cycleway": "crossing",
        "foot": "designated",
        "highway": "cycleway",
        "lit": "yes",
        "motor_vehicle": "no",
        "name": "Atlanta Beltline Eastside Trail",
        "oneway": "no",
        "segregated": "no",
        "start_date": "2017-9-1",
        "surface": "asphalt",
        "@relations": [
          {
            "role": "",
            "rel": 8408433,
            "reltags": {
              "name": "Atlanta Beltline Trail",
              "network": "lcn",
              "ref": "BELT",
              "route": "bicycle",
              "type": "route"
            }
          }
        ]
      },
      "geometry": {
        "type": "LineString",
        "coordinates": [
          [
            -84.3637819,
            33.7534735
          ],
          [
            -84.3638707,
            33.7535152
          ],
          [
            -84.3639452,
            33.7535563
          ]
        ]
      },
      "id": "way/1353860787"
    },
    {
      "type": "Feature",
      "properties": {
        "@id": "way/1353860788",
        "bicycle": "designated",
        "crossing": "unmarked",
        "crossing:continuous": "yes",
        "cycleway": "crossing",
        "foot": "designated",
        "highway": "cycleway",
        "lit": "yes",
        "motor_vehicle": "no",
        "name": "Atlanta Beltline Eastside Trail",
        "segregated": "no",
        "surface": "asphalt",
        "@relations": [
          {
            "role": "",
            "rel": 8408433,
            "reltags": {
              "name": "Atlanta Beltline Trail",
              "network": "lcn",
              "ref": "BELT",
              "route": "bicycle",
              "type": "route"
            }
          }
        ]
      },
      "geometry": {
        "type": "LineString",
        "coordinates": [
          [
            -84.357076,
            33.7525553
          ],
          [
            -84.3570769,
            33.7525257
          ],
          [
            -84.3570784,
            33.7524778
          ]
        ]
      },
      "id": "way/1353860788"
    },
    {
      "type": "Feature",
      "properties": {
        "@id": "way/1353860789",
        "bicycle": "designated",
        "foot": "designated",
        "highway": "cycleway",
        "name": "Atlanta Beltline Southeast Trail",
        "oneway": "no",
        "segregated": "no",
        "surface": "concrete",
        "@relations": [
          {
            "role": "",
            "rel": 8408433,
            "reltags": {
              "name": "Atlanta Beltline Trail",
              "network": "lcn",
              "ref": "BELT",
              "route": "bicycle",
              "type": "route"
            }
          }
        ]
      },
      "geometry": {
        "type": "LineString",
        "coordinates": [
          [
            -84.3580588,
            33.7465344
          ],
          [
            -84.358033,
            33.746522
          ]
        ]
      },
      "id": "way/1353860789"
    },
    {
      "type": "Feature",
      "properties": {
        "@id": "way/1353860790",
        "bicycle": "designated",
        "foot": "designated",
        "highway": "cycleway",
        "name": "Atlanta Beltline Southeast Trail",
        "oneway": "no",
        "segregated": "no",
        "surface": "concrete",
        "@relations": [
          {
            "role": "",
            "rel": 8408433,
            "reltags": {
              "name": "Atlanta Beltline Trail",
              "network": "lcn",
              "ref": "BELT",
              "route": "bicycle",
              "type": "route"
            }
          }
        ]
      },
      "geometry": {
        "type": "LineString",
        "coordinates": [
          [
            -84.3580591,
            33.7465501
          ],
          [
            -84.3580588,
            33.7465344
          ]
        ]
      },
      "id": "way/1353860790"
    },
    {
      "type": "Feature",
      "properties": {
        "@id": "way/1353860795",
        "bicycle": "designated",
        "foot": "designated",
        "highway": "cycleway",
        "lit": "yes",
        "motor_vehicle": "no",
        "name": "Atlanta Beltline Southeast Trail",
        "segregated": "no",
        "start_date": "2017-10-23",
        "surface": "concrete",
        "@relations": [
          {
            "role": "",
            "rel": 8408433,
            "reltags": {
              "name": "Atlanta Beltline Trail",
              "network": "lcn",
              "ref": "BELT",
              "route": "bicycle",
              "type": "route"
            }
          }
        ]
      },
      "geometry": {
        "type": "LineString",
        "coordinates": [
          [
            -84.358118,
            33.744095
          ],
          [
            -84.3581271,
            33.7444509
          ],
          [
            -84.3581601,
            33.7448953
          ],
          [
            -84.3581444,
            33.7452723
          ]
        ]
      },
      "id": "way/1353860795"
    },
    {
      "type": "Feature",
      "properties": {
        "@id": "way/1353860796",
        "bicycle": "designated",
        "crossing": "marked",
        "crossing:markings": "ladder:paired",
        "cycleway": "crossing",
        "foot": "designated",
        "highway": "cycleway",
        "lit": "yes",
        "motor_vehicle": "no",
        "name": "Atlanta Beltline Eastside Trail",
        "segregated": "no",
        "start_date": "2017-10-23",
        "surface": "concrete",
        "surface:colour": "green",
        "@relations": [
          {
            "role": "",
            "rel": 8408433,
            "reltags": {
              "name": "Atlanta Beltline Trail",
              "network": "lcn",
              "ref": "BELT",
              "route": "bicycle",
              "type": "route"
            }
          }
        ]
      },
      "geometry": {
        "type": "LineString",
        "coordinates": [
          [
            -84.3581444,
            33.7452723
          ],
          [
            -84.3581428,
            33.7453267
          ],
          [
            -84.3581395,
            33.7453691
          ]
        ]
      },
      "id": "way/1353860796"
    },
    {
      "type": "Feature",
      "properties": {
        "@id": "way/1360971302",
        "bicycle": "designated",
        "foot": "designated",
        "highway": "cycleway",
        "name": "Westside Beltline Connector",
        "segregated": "no",
        "surface": "concrete",
        "@relations": [
          {
            "role": "",
            "rel": 12321751,
            "reltags": {
              "name": "Westside Beltline Connector",
              "network": "lcn",
              "ref": "WSC",
              "route": "bicycle",
              "type": "route"
            }
          }
        ]
      },
      "geometry": {
        "type": "LineString",
        "coordinates": [
          [
            -84.4047824,
            33.7643413
          ],
          [
            -84.4048164,
            33.7643762
          ],
          [
            -84.4048675,
            33.7644365
          ]
        ]
      },
      "id": "way/1360971302"
    },
    {
      "type": "Feature",
      "properties": {
        "@id": "way/1360971303",
        "abandoned:railway": "rail",
        "bicycle": "designated",
        "foot": "designated",
        "highway": "cycleway",
        "name": "Westside Beltline Connector",
        "note:old_railway_operator": "AB&C",
        "old_railway_operator": "ACL",
        "railway": "abandoned",
        "segregated": "no",
        "surface": "concrete",
        "@relations": [
          {
            "role": "",
            "rel": 12321751,
            "reltags": {
              "name": "Westside Beltline Connector",
              "network": "lcn",
              "ref": "WSC",
              "route": "bicycle",
              "type": "route"
            }
          }
        ]
      },
      "geometry": {
        "type": "LineString",
        "coordinates": [
          [
            -84.4044932,
            33.7640936
          ],
          [
            -84.4045846,
            33.7641368
          ],
          [
            -84.4046391,
            33.7641902
          ]
        ]
      },
      "id": "way/1360971303"
    },
    {
      "type": "Feature",
      "properties": {
        "@id": "way/1360971304",
        "bicycle": "designated",
        "bridge": "yes",
        "foot": "designated",
        "highway": "cycleway",
        "layer": "1",
        "name": "Westside Beltline Connector",
        "segregated": "no",
        "surface": "concrete",
        "@relations": [
          {
            "role": "",
            "rel": 12321751,
            "reltags": {
              "name": "Westside Beltline Connector",
              "network": "lcn",
              "ref": "WSC",
              "route": "bicycle",
              "type": "route"
            }
          }
        ]
      },
      "geometry": {
        "type": "LineString",
        "coordinates": [
          [
            -84.4045726,
            33.764191
          ],
          [
            -84.4047201,
            33.764343
          ]
        ]
      },
      "id": "way/1360971304"
    },
    {
      "type": "Feature",
      "properties": {
        "@id": "way/1360971305",
        "bicycle": "designated",
        "foot": "designated",
        "highway": "cycleway",
        "name": "Westside Beltline Connector",
        "segregated": "no",
        "surface": "concrete",
        "@relations": [
          {
            "role": "",
            "rel": 12321751,
            "reltags": {
              "name": "Westside Beltline Connector",
              "network": "lcn",
              "ref": "WSC",
              "route": "bicycle",
              "type": "route"
            }
          }
        ]
      },
      "geometry": {
        "type": "LineString",
        "coordinates": [
          [
            -84.4047201,
            33.764343
          ],
          [
            -84.4047652,
            33.7643893
          ],
          [
            -84.4048675,
            33.7644365
          ]
        ]
      },
      "id": "way/1360971305"
    },
    {
      "type": "Feature",
      "properties": {
        "@id": "way/1360971306",
        "bicycle": "designated",
        "foot": "designated",
        "highway": "cycleway",
        "name": "Westside Beltline Connector",
        "segregated": "no",
        "surface": "concrete",
        "@relations": [
          {
            "role": "",
            "rel": 12321751,
            "reltags": {
              "name": "Westside Beltline Connector",
              "network": "lcn",
              "ref": "WSC",
              "route": "bicycle",
              "type": "route"
            }
          }
        ]
      },
      "geometry": {
        "type": "LineString",
        "coordinates": [
          [
            -84.4044932,
            33.7640936
          ],
          [
            -84.4045426,
            33.7641601
          ],
          [
            -84.4045726,
            33.764191
          ]
        ]
      },
      "id": "way/1360971306"
    },
    {
      "type": "Feature",
      "properties": {
        "@id": "way/1360971307",
        "bicycle": "designated",
        "foot": "designated",
        "highway": "cycleway",
        "name": "Westside Beltline Connector",
        "segregated": "no",
        "surface": "concrete",
        "@relations": [
          {
            "role": "",
            "rel": 12321751,
            "reltags": {
              "name": "Westside Beltline Connector",
              "network": "lcn",
              "ref": "WSC",
              "route": "bicycle",
              "type": "route"
            }
          }
        ]
      },
      "geometry": {
        "type": "LineString",
        "coordinates": [
          [
            -84.405281,
            33.7649582
          ],
          [
            -84.4052818,
            33.7649816
          ],
          [
            -84.4054467,
            33.7649805
          ],
          [
            -84.4054651,
            33.7649827
          ],
          [
            -84.4054705,
            33.7649949
          ],
          [
            -84.4054705,
            33.7652113
          ],
          [
            -84.4054851,
            33.7652395
          ],
          [
            -84.4054828,
            33.7654246
          ],
          [
            -84.4054859,
            33.7654438
          ],
          [
            -84.4055044,
            33.7654771
          ],
          [
            -84.405549,
            33.7655462
          ]
        ]
      },
      "id": "way/1360971307"
    },
    {
      "type": "Feature",
      "properties": {
        "@id": "way/1360971308",
        "bicycle": "designated",
        "crossing": "marked",
        "crossing:markings": "ladder:paired",
        "cycleway": "crossing",
        "foot": "designated",
        "highway": "cycleway",
        "name": "Westside Beltline Connector",
        "segregated": "no",
        "surface": "concrete",
        "@relations": [
          {
            "role": "",
            "rel": 12321751,
            "reltags": {
              "name": "Westside Beltline Connector",
              "network": "lcn",
              "ref": "WSC",
              "route": "bicycle",
              "type": "route"
            }
          }
        ]
      },
      "geometry": {
        "type": "LineString",
        "coordinates": [
          [
            -84.4052796,
            33.7649044
          ],
          [
            -84.4052802,
            33.7649347
          ],
          [
            -84.405281,
            33.7649582
          ]
        ]
      },
      "id": "way/1360971308"
    },
    {
      "type": "Feature",
      "properties": {
        "@id": "way/1361234933",
        "bicycle": "designated",
        "footway": "sidewalk",
        "highway": "footway",
        "name": "Westside Beltline Connector",
        "surface": "concrete",
        "@relations": [
          {
            "role": "",
            "rel": 12321751,
            "reltags": {
              "name": "Westside Beltline Connector",
              "network": "lcn",
              "ref": "WSC",
              "route": "bicycle",
              "type": "route"
            }
          }
        ]
      },
      "geometry": {
        "type": "LineString",
        "coordinates": [
          [
            -84.3977547,
            33.7639811
          ],
          [
            -84.3976403,
            33.7640112
          ],
          [
            -84.3975486,
            33.7640305
          ],
          [
            -84.3975239,
            33.764038
          ],
          [
            -84.3974889,
            33.7640493
          ],
          [
            -84.3974578,
            33.7640631
          ],
          [
            -84.3974253,
            33.7640774
          ],
          [
            -84.3973944,
            33.7640881
          ],
          [
            -84.3973714,
            33.7640844
          ]
        ]
      },
      "id": "way/1361234933"
    },
    {
      "type": "Feature",
      "properties": {
        "@id": "way/1376878303",
        "bicycle": "designated",
        "foot": "designated",
        "highway": "cycleway",
        "name": "Beltline Access Line",
        "surface": "concrete"
      },
      "geometry": {
        "type": "LineString",
        "coordinates": [
          [
            -84.3629445,
            33.7693455
          ],
          [
            -84.3630275,
            33.7693053
          ]
        ]
      },
      "id": "way/1376878303"
    },
    {
      "type": "Feature",
      "properties": {
        "@id": "way/1386912805",
        "bicycle": "designated",
        "foot": "designated",
        "highway": "cycleway",
        "name": "Beltline Access Line"
      },
      "geometry": {
        "type": "LineString",
        "coordinates": [
          [
            -84.3601406,
            33.7526248
          ],
          [
            -84.3601382,
            33.7526433
          ]
        ]
      },
      "id": "way/1386912805"
    },
    {
      "type": "Feature",
      "properties": {
        "@id": "way/1386912806",
        "bicycle": "designated",
        "foot": "designated",
        "highway": "cycleway",
        "name": "Beltline Access Line"
      },
      "geometry": {
        "type": "LineString",
        "coordinates": [
          [
            -84.3601565,
            33.7525198
          ],
          [
            -84.3601497,
            33.7525608
          ]
        ]
      },
      "id": "way/1386912806"
    },
    {
      "type": "Feature",
      "properties": {
        "@id": "way/1386912807",
        "bicycle": "designated",
        "foot": "designated",
        "highway": "cycleway",
        "name": "Beltline Access Line"
      },
      "geometry": {
        "type": "LineString",
        "coordinates": [
          [
            -84.359018,
            33.752603
          ],
          [
            -84.3590158,
            33.7526208
          ]
        ]
      },
      "id": "way/1386912807"
    },
    {
      "type": "Feature",
      "properties": {
        "@id": "way/1386912810",
        "bicycle": "designated",
        "foot": "designated",
        "highway": "cycleway",
        "name": "Beltline Access Line"
      },
      "geometry": {
        "type": "LineString",
        "coordinates": [
          [
            -84.3582429,
            33.7524894
          ],
          [
            -84.35824,
            33.7525126
          ]
        ]
      },
      "id": "way/1386912810"
    },
    {
      "type": "Feature",
      "properties": {
        "@id": "way/1386912811",
        "bicycle": "designated",
        "foot": "designated",
        "highway": "cycleway",
        "name": "Beltline Access Line"
      },
      "geometry": {
        "type": "LineString",
        "coordinates": [
          [
            -84.3582325,
            33.7525894
          ],
          [
            -84.358231,
            33.7526077
          ]
        ]
      },
      "id": "way/1386912811"
    },
    {
      "type": "Feature",
      "properties": {
        "@id": "way/1386912814",
        "bicycle": "designated",
        "foot": "designated",
        "highway": "cycleway",
        "name": "Beltline Access Line"
      },
      "geometry": {
        "type": "LineString",
        "coordinates": [
          [
            -84.3576,
            33.7525759
          ],
          [
            -84.3576002,
            33.7525971
          ]
        ]
      },
      "id": "way/1386912814"
    },
    {
      "type": "Feature",
      "properties": {
        "@id": "way/1386912815",
        "bicycle": "designated",
        "foot": "designated",
        "highway": "cycleway",
        "name": "Beltline Access Line"
      },
      "geometry": {
        "type": "LineString",
        "coordinates": [
          [
            -84.3575992,
            33.7524747
          ],
          [
            -84.3575994,
            33.7524997
          ]
        ]
      },
      "id": "way/1386912815"
    },
    {
      "type": "Feature",
      "properties": {
        "@id": "way/1387066504",
        "bicycle": "designated",
        "foot": "designated",
        "highway": "cycleway",
        "name": "Atlanta Beltline Southeast Trail",
        "oneway": "no",
        "surface": "concrete",
        "@relations": [
          {
            "role": "",
            "rel": 8408433,
            "reltags": {
              "name": "Atlanta Beltline Trail",
              "network": "lcn",
              "ref": "BELT",
              "route": "bicycle",
              "type": "route"
            }
          }
        ]
      },
      "geometry": {
        "type": "LineString",
        "coordinates": [
          [
            -84.3581471,
            33.7439127
          ],
          [
            -84.3581212,
            33.743997
          ]
        ]
      },
      "id": "way/1387066504"
    },
    {
      "type": "Feature",
      "properties": {
        "@id": "way/1387069490",
        "abandoned:railway": "rail",
        "bicycle": "designated",
        "crossing": "unmarked",
        "cycleway": "crossing",
        "foot": "designated",
        "highway": "cycleway",
        "historic:operator": "A&WP",
        "lit": "yes",
        "motor_vehicle": "no",
        "name": "Atlanta BeltLine Eastside Trail",
        "railway": "abandoned",
        "segregated": "no",
        "start_date": "2017-10-23",
        "surface": "concrete",
        "@relations": [
          {
            "role": "",
            "rel": 8408433,
            "reltags": {
              "name": "Atlanta Beltline Trail",
              "network": "lcn",
              "ref": "BELT",
              "route": "bicycle",
              "type": "route"
            }
          }
        ]
      },
      "geometry": {
        "type": "LineString",
        "coordinates": [
          [
            -84.3573775,
            33.7502389
          ],
          [
            -84.3573862,
            33.7502065
          ],
          [
            -84.3573942,
            33.7501765
          ]
        ]
      },
      "id": "way/1387069490"
    },
    {
      "type": "Feature",
      "properties": {
        "@id": "way/1387069491",
        "abandoned:railway": "rail",
        "bicycle": "designated",
        "foot": "designated",
        "highway": "cycleway",
        "historic:operator": "A&WP",
        "lit": "yes",
        "motor_vehicle": "no",
        "name": "Atlanta Beltline Southeast Trail",
        "oneway": "no",
        "railway": "abandoned",
        "segregated": "no",
        "start_date": "2017-10-23",
        "surface": "concrete",
        "@relations": [
          {
            "role": "",
            "rel": 8408433,
            "reltags": {
              "name": "Atlanta Beltline Trail",
              "network": "lcn",
              "ref": "BELT",
              "route": "bicycle",
              "type": "route"
            }
          }
        ]
      },
      "geometry": {
        "type": "LineString",
        "coordinates": [
          [
            -84.3570997,
            33.7517911
          ],
          [
            -84.3571402,
            33.751425
          ],
          [
            -84.3571726,
            33.7511511
          ],
          [
            -84.3572359,
            33.7507971
          ],
          [
            -84.3573691,
            33.7502721
          ],
          [
            -84.3573775,
            33.7502389
          ]
        ]
      },
      "id": "way/1387069491"
    },
    {
      "type": "Feature",
      "properties": {
        "@id": "way/1387087344",
        "abandoned:railway": "rail",
        "highway": "path",
        "name": "Interim BeltLine Northeast Trail",
        "old_railway_operator": "Southern",
        "railway": "abandoned",
        "surface": "gravel",
        "@relations": [
          {
            "role": "",
            "rel": 8408433,
            "reltags": {
              "name": "Atlanta Beltline Trail",
              "network": "lcn",
              "ref": "BELT",
              "route": "bicycle",
              "type": "route"
            }
          }
        ]
      },
      "geometry": {
        "type": "LineString",
        "coordinates": [
          [
            -84.3703029,
            33.7935913
          ],
          [
            -84.3702809,
            33.7934703
          ]
        ]
      },
      "id": "way/1387087344"
    },
    {
      "type": "Feature",
      "properties": {
        "@id": "way/1387087345",
        "abandoned:railway": "rail",
        "bicycle": "designated",
        "crossing": "marked",
        "crossing:markings": "ladder:paired",
        "cycleway": "crossing",
        "foot": "designated",
        "highway": "cycleway",
        "name": "Interim BeltLine Northeast Trail",
        "old_railway_operator": "Southern",
        "railway": "abandoned",
        "segregated": "no",
        "surface": "gravel",
        "@relations": [
          {
            "role": "",
            "rel": 8408433,
            "reltags": {
              "name": "Atlanta Beltline Trail",
              "network": "lcn",
              "ref": "BELT",
              "route": "bicycle",
              "type": "route"
            }
          }
        ]
      },
      "geometry": {
        "type": "LineString",
        "coordinates": [
          [
            -84.3703778,
            33.7938724
          ],
          [
            -84.3703665,
            33.7938369
          ],
          [
            -84.3703542,
            33.7937979
          ]
        ]
      },
      "id": "way/1387087345"
    },
    {
      "type": "Feature",
      "properties": {
        "@id": "way/1387090375",
        "bicycle": "designated",
        "foot": "designated",
        "gauge": "1435",
        "highway": "cycleway",
        "name": "Atlanta Beltline Northwest Trail",
        "oneway": "no",
        "operator:wikidata": "Q856783",
        "segregated": "no",
        "surface": "concrete",
        "@relations": [
          {
            "role": "",
            "rel": 8408433,
            "reltags": {
              "name": "Atlanta Beltline Trail",
              "network": "lcn",
              "ref": "BELT",
              "route": "bicycle",
              "type": "route"
            }
          }
        ]
      },
      "geometry": {
        "type": "LineString",
        "coordinates": [
          [
            -84.428039,
            33.7864169
          ],
          [
            -84.4280387,
            33.7864408
          ],
          [
            -84.4279916,
            33.7865039
          ]
        ]
      },
      "id": "way/1387090375"
    },
    {
      "type": "Feature",
      "properties": {
        "@id": "way/1387090376",
        "bicycle": "designated",
        "crossing": "marked",
        "crossing:markings": "ladder:paired",
        "cycleway": "crossing",
        "foot": "designated",
        "gauge": "1435",
        "highway": "cycleway",
        "name": "Westside BeltLine Connector",
        "oneway": "no",
        "operator:wikidata": "Q856783",
        "segregated": "no",
        "surface": "concrete",
        "@relations": [
          {
            "role": "",
            "rel": 12321751,
            "reltags": {
              "name": "Westside Beltline Connector",
              "network": "lcn",
              "ref": "WSC",
              "route": "bicycle",
              "type": "route"
            }
          }
        ]
      },
      "geometry": {
        "type": "LineString",
        "coordinates": [
          [
            -84.4280369,
            33.7862574
          ],
          [
            -84.4280403,
            33.7863242
          ],
          [
            -84.428039,
            33.7864169
          ]
        ]
      },
      "id": "way/1387090376"
    },
    {
      "type": "Feature",
      "properties": {
        "@id": "way/1387097344",
        "bicycle": "designated",
        "crossing": "marked",
        "crossing:markings": "ladder:paired",
        "cycleway": "crossing",
        "foot": "designated",
        "highway": "cycleway",
        "name": "Atlanta BeltLine Westside Trail",
        "start_date": "2017-09-29",
        "surface": "paved",
        "@relations": [
          {
            "role": "",
            "rel": 8408433,
            "reltags": {
              "name": "Atlanta Beltline Trail",
              "network": "lcn",
              "ref": "BELT",
              "route": "bicycle",
              "type": "route"
            }
          }
        ]
      },
      "geometry": {
        "type": "LineString",
        "coordinates": [
          [
            -84.4312666,
            33.7380478
          ],
          [
            -84.4312271,
            33.738096
          ],
          [
            -84.4311833,
            33.7381408
          ]
        ]
      },
      "id": "way/1387097344"
    },
    {
      "type": "Feature",
      "properties": {
        "@id": "way/1387296276",
        "bicycle": "yes",
        "footway": "sidewalk",
        "highway": "footway",
        "lit": "no",
        "name": "Atlanta BeltLine Eastside Trail",
        "oneway": "no",
        "rcn": "yes",
        "surface": "asphalt",
        "@relations": [
          {
            "role": "",
            "rel": 8408433,
            "reltags": {
              "name": "Atlanta Beltline Trail",
              "network": "lcn",
              "ref": "BELT",
              "route": "bicycle",
              "type": "route"
            }
          }
        ]
      },
      "geometry": {
        "type": "LineString",
        "coordinates": [
          [
            -84.3685699,
            33.7819009
          ],
          [
            -84.3685574,
            33.7818974
          ]
        ]
      },
      "id": "way/1387296276"
    },
    {
      "type": "Feature",
      "properties": {
        "@id": "way/1387296277",
        "bicycle": "yes",
        "crossing": "traffic_signals",
        "crossing:island": "no",
        "crossing:markings": "ladder:paired",
        "crossing:signals": "yes",
        "footway": "crossing",
        "highway": "footway",
        "lit": "yes",
        "name": "Interim BeltLine Eastside Trail",
        "oneway": "no",
        "surface": "asphalt",
        "@relations": [
          {
            "role": "",
            "rel": 8408433,
            "reltags": {
              "name": "Atlanta Beltline Trail",
              "network": "lcn",
              "ref": "BELT",
              "route": "bicycle",
              "type": "route"
            }
          }
        ]
      },
      "geometry": {
        "type": "LineString",
        "coordinates": [
          [
            -84.3687062,
            33.7819301
          ],
          [
            -84.3686354,
            33.7819149
          ]
        ]
      },
      "id": "way/1387296277"
    },
    {
      "type": "Feature",
      "properties": {
        "@id": "way/1387354956",
        "bicycle": "designated",
        "footway": "sidewalk",
        "highway": "footway",
        "name": "Westside Beltline Connector",
        "surface": "concrete",
        "@relations": [
          {
            "role": "",
            "rel": 12321751,
            "reltags": {
              "name": "Westside Beltline Connector",
              "network": "lcn",
              "ref": "WSC",
              "route": "bicycle",
              "type": "route"
            }
          }
        ]
      },
      "geometry": {
        "type": "LineString",
        "coordinates": [
          [
            -84.4020997,
            33.7634491
          ],
          [
            -84.4018182,
            33.7634878
          ]
        ]
      },
      "id": "way/1387354956"
    },
    {
      "type": "Feature",
      "properties": {
        "@id": "way/1387354957",
        "bicycle": "designated",
        "crossing": "marked",
        "crossing:markings": "zebra",
        "crossing:markings:colour": "green;white",
        "cycleway": "crossing",
        "foot": "designated",
        "footway": "crossing",
        "highway": "footway",
        "name": "Westside Beltline Connector",
        "segregated": "no",
        "surface": "concrete",
        "@relations": [
          {
            "role": "",
            "rel": 12321751,
            "reltags": {
              "name": "Westside Beltline Connector",
              "network": "lcn",
              "ref": "WSC",
              "route": "bicycle",
              "type": "route"
            }
          }
        ]
      },
      "geometry": {
        "type": "LineString",
        "coordinates": [
          [
            -84.4022269,
            33.7634272
          ],
          [
            -84.4021765,
            33.7634351
          ],
          [
            -84.4020997,
            33.7634491
          ]
        ]
      },
      "id": "way/1387354957"
    },
    {
      "type": "Feature",
      "properties": {
        "@id": "way/1387354958",
        "bicycle": "designated",
        "footway": "sidewalk",
        "highway": "footway",
        "name": "Westside Beltline Connector",
        "surface": "concrete",
        "@relations": [
          {
            "role": "",
            "rel": 12321751,
            "reltags": {
              "name": "Westside Beltline Connector",
              "network": "lcn",
              "ref": "WSC",
              "route": "bicycle",
              "type": "route"
            }
          }
        ]
      },
      "geometry": {
        "type": "LineString",
        "coordinates": [
          [
            -84.4023418,
            33.7634093
          ],
          [
            -84.4022269,
            33.7634272
          ]
        ]
      },
      "id": "way/1387354958"
    },
    {
      "type": "Feature",
      "properties": {
        "@id": "way/1387354959",
        "bicycle": "designated",
        "crossing": "marked",
        "crossing:markings": "zebra",
        "crossing:markings:colour": "green;white",
        "cycleway": "crossing",
        "foot": "designated",
        "footway": "crossing",
        "highway": "footway",
        "name": "Westside Beltline Connector",
        "segregated": "no",
        "surface": "concrete",
        "@relations": [
          {
            "role": "",
            "rel": 12321751,
            "reltags": {
              "name": "Westside Beltline Connector",
              "network": "lcn",
              "ref": "WSC",
              "route": "bicycle",
              "type": "route"
            }
          }
        ]
      },
      "geometry": {
        "type": "LineString",
        "coordinates": [
          [
            -84.402446,
            33.7633954
          ],
          [
            -84.402393,
            33.7634014
          ],
          [
            -84.4023418,
            33.7634093
          ]
        ]
      },
      "id": "way/1387354959"
    },
    {
      "type": "Feature",
      "properties": {
        "@id": "way/1387354960",
        "bicycle": "designated",
        "footway": "sidewalk",
        "highway": "footway",
        "name": "Westside Beltline Connector",
        "surface": "concrete",
        "@relations": [
          {
            "role": "",
            "rel": 12321751,
            "reltags": {
              "name": "Westside Beltline Connector",
              "network": "lcn",
              "ref": "WSC",
              "route": "bicycle",
              "type": "route"
            }
          }
        ]
      },
      "geometry": {
        "type": "LineString",
        "coordinates": [
          [
            -84.4015562,
            33.7635272
          ],
          [
            -84.4013472,
            33.7635586
          ],
          [
            -84.4009991,
            33.7636109
          ],
          [
            -84.4003216,
            33.763696
          ]
        ]
      },
      "id": "way/1387354960"
    },
    {
      "type": "Feature",
      "properties": {
        "@id": "way/1387354961",
        "crossing": "uncontrolled",
        "crossing:markings": "zebra",
        "cycleway": "crossing",
        "footway": "crossing",
        "highway": "footway",
        "name": "Westside Beltline Connector",
        "@relations": [
          {
            "role": "",
            "rel": 12321751,
            "reltags": {
              "name": "Westside Beltline Connector",
              "network": "lcn",
              "ref": "WSC",
              "route": "bicycle",
              "type": "route"
            }
          }
        ]
      },
      "geometry": {
        "type": "LineString",
        "coordinates": [
          [
            -84.4018182,
            33.7634878
          ],
          [
            -84.4016803,
            33.7635068
          ],
          [
            -84.4015562,
            33.7635272
          ]
        ]
      },
      "id": "way/1387354961"
    },
    {
      "type": "Feature",
      "properties": {
        "@id": "way/1388009067",
        "bicycle": "designated",
        "foot": "designated",
        "highway": "cycleway",
        "name": "Westside BeltLine Connector",
        "segregated": "no",
        "surface": "concrete",
        "@relations": [
          {
            "role": "",
            "rel": 12321751,
            "reltags": {
              "name": "Westside Beltline Connector",
              "network": "lcn",
              "ref": "WSC",
              "route": "bicycle",
              "type": "route"
            }
          }
        ]
      },
      "geometry": {
        "type": "LineString",
        "coordinates": [
          [
            -84.4154684,
            33.7750763
          ],
          [
            -84.4155282,
            33.7750641
          ],
          [
            -84.4155942,
            33.7750438
          ],
          [
            -84.415683,
            33.7750095
          ],
          [
            -84.4157752,
            33.7749524
          ],
          [
            -84.4158737,
            33.7749045
          ],
          [
            -84.4159508,
            33.7748806
          ],
          [
            -84.416049,
            33.7748636
          ]
        ]
      },
      "id": "way/1388009067"
    },
    {
      "type": "Feature",
      "properties": {
        "@id": "way/1388009068",
        "bicycle": "designated",
        "crossing": "marked",
        "crossing:markings": "ladder:paired",
        "foot": "designated",
        "highway": "cycleway",
        "name": "Westside BeltLine Connector",
        "segregated": "no",
        "surface": "concrete",
        "@relations": [
          {
            "role": "",
            "rel": 12321751,
            "reltags": {
              "name": "Westside Beltline Connector",
              "network": "lcn",
              "ref": "WSC",
              "route": "bicycle",
              "type": "route"
            }
          }
        ]
      },
      "geometry": {
        "type": "LineString",
        "coordinates": [
          [
            -84.4153878,
            33.7750815
          ],
          [
            -84.4154281,
            33.7750789
          ],
          [
            -84.4154684,
            33.7750763
          ]
        ]
      },
      "id": "way/1388009068"
    },
    {
      "type": "Feature",
      "properties": {
        "@id": "way/1388066050",
        "abandoned:railway": "rail",
        "bicycle": "designated",
        "foot": "designated",
        "highway": "cycleway",
        "name": "Westside Beltline Connector",
        "note:old_railway_operator": "AB&C",
        "old_railway_operator": "ACL",
        "railway": "abandoned",
        "segregated": "no",
        "surface": "concrete",
        "@relations": [
          {
            "role": "",
            "rel": 12321751,
            "reltags": {
              "name": "Westside Beltline Connector",
              "network": "lcn",
              "ref": "WSC",
              "route": "bicycle",
              "type": "route"
            }
          }
        ]
      },
      "geometry": {
        "type": "LineString",
        "coordinates": [
          [
            -84.4068654,
            33.7683178
          ],
          [
            -84.4069118,
            33.7684195
          ],
          [
            -84.4073872,
            33.7694608
          ],
          [
            -84.4074701,
            33.7696046
          ],
          [
            -84.407512,
            33.769657
          ],
          [
            -84.407554,
            33.7697009
          ],
          [
            -84.4075797,
            33.7697312
          ],
          [
            -84.4076099,
            33.769771
          ],
          [
            -84.4076516,
            33.7698366
          ],
          [
            -84.4077136,
            33.7699614
          ],
          [
            -84.4077267,
            33.7699866
          ],
          [
            -84.4077314,
            33.7699955
          ]
        ]
      },
      "id": "way/1388066050"
    },
    {
      "type": "Feature",
      "properties": {
        "@id": "way/1388066051",
        "abandoned:railway": "rail",
        "bicycle": "designated",
        "crossing": "marked",
        "crossing:markings": "ladder:paired",
        "cycleway": "crossing",
        "foot": "designated",
        "highway": "cycleway",
        "name": "Westside Beltline Connector",
        "note:old_railway_operator": "AB&C",
        "old_railway_operator": "ACL",
        "railway": "abandoned",
        "segregated": "no",
        "surface": "concrete",
        "@relations": [
          {
            "role": "",
            "rel": 12321751,
            "reltags": {
              "name": "Westside Beltline Connector",
              "network": "lcn",
              "ref": "WSC",
              "route": "bicycle",
              "type": "route"
            }
          }
        ]
      },
      "geometry": {
        "type": "LineString",
        "coordinates": [
          [
            -84.4077314,
            33.7699955
          ],
          [
            -84.4077493,
            33.7700317
          ],
          [
            -84.4077686,
            33.7700706
          ]
        ]
      },
      "id": "way/1388066051"
    },
    {
      "type": "Feature",
      "properties": {
        "@id": "way/1388066052",
        "abandoned:railway": "rail",
        "bicycle": "designated",
        "foot": "designated",
        "highway": "cycleway",
        "name": "Westside Beltline Connector",
        "note:old_railway_operator": "AB&C",
        "old_railway_operator": "ACL",
        "railway": "abandoned",
        "segregated": "no",
        "surface": "concrete",
        "@relations": [
          {
            "role": "",
            "rel": 12321751,
            "reltags": {
              "name": "Westside Beltline Connector",
              "network": "lcn",
              "ref": "WSC",
              "route": "bicycle",
              "type": "route"
            }
          }
        ]
      },
      "geometry": {
        "type": "LineString",
        "coordinates": [
          [
            -84.4077686,
            33.7700706
          ],
          [
            -84.4079346,
            33.7704279
          ],
          [
            -84.4080437,
            33.7706238
          ],
          [
            -84.4081599,
            33.7707929
          ],
          [
            -84.4083799,
            33.7710858
          ],
          [
            -84.4083973,
            33.7711089
          ],
          [
            -84.4084066,
            33.7711191
          ]
        ]
      },
      "id": "way/1388066052"
    },
    {
      "type": "Feature",
      "properties": {
        "@id": "way/1388066053",
        "abandoned:railway": "rail",
        "bicycle": "designated",
        "crossing": "marked",
        "crossing:island": "no",
        "crossing:markings": "ladder:paired",
        "cycleway": "crossing",
        "foot": "designated",
        "highway": "cycleway",
        "name": "Westside Beltline Connector",
        "note:old_railway_operator": "AB&C",
        "old_railway_operator": "ACL",
        "railway": "abandoned",
        "segregated": "no",
        "surface": "concrete",
        "@relations": [
          {
            "role": "",
            "rel": 12321751,
            "reltags": {
              "name": "Westside Beltline Connector",
              "network": "lcn",
              "ref": "WSC",
              "route": "bicycle",
              "type": "route"
            }
          }
        ]
      },
      "geometry": {
        "type": "LineString",
        "coordinates": [
          [
            -84.4084066,
            33.7711191
          ],
          [
            -84.4084472,
            33.7711641
          ],
          [
            -84.4084864,
            33.7712098
          ]
        ]
      },
      "id": "way/1388066053"
    },
    {
      "type": "Feature",
      "properties": {
        "@id": "way/1388247096",
        "abandoned:railway": "rail",
        "bicycle": "designated",
        "crossing": "marked",
        "crossing:markings": "ladder:paired",
        "cycleway": "crossing",
        "electrified": "no",
        "end_date:railway": "2019",
        "foot": "designated",
        "highway": "cycleway",
        "name": "Westside BeltLine Connector",
        "note:old_railway_operator": "AB&C",
        "old_railway_operator": "ACL",
        "railway": "abandoned",
        "segregated": "no",
        "surface": "concrete",
        "@relations": [
          {
            "role": "",
            "rel": 12321751,
            "reltags": {
              "name": "Westside Beltline Connector",
              "network": "lcn",
              "ref": "WSC",
              "route": "bicycle",
              "type": "route"
            }
          }
        ]
      },
      "geometry": {
        "type": "LineString",
        "coordinates": [
          [
            -84.4123802,
            33.774525
          ],
          [
            -84.4124148,
            33.7745378
          ],
          [
            -84.4124617,
            33.7745552
          ]
        ]
      },
      "id": "way/1388247096"
    },
    {
      "type": "Feature",
      "properties": {
        "@id": "way/1388919029",
        "bicycle": "designated",
        "footway": "sidewalk",
        "highway": "footway",
        "name": "Westside Beltline Connector",
        "surface": "concrete",
        "@relations": [
          {
            "role": "",
            "rel": 12321751,
            "reltags": {
              "name": "Westside Beltline Connector",
              "network": "lcn",
              "ref": "WSC",
              "route": "bicycle",
              "type": "route"
            }
          }
        ]
      },
      "geometry": {
        "type": "LineString",
        "coordinates": [
          [
            -84.3971776,
            33.7641566
          ],
          [
            -84.3971696,
            33.7641846
          ],
          [
            -84.3971545,
            33.7641973
          ]
        ]
      },
      "id": "way/1388919029"
    },
    {
      "type": "Feature",
      "properties": {
        "@id": "way/1388919032",
        "bicycle": "designated",
        "footway": "sidewalk",
        "highway": "footway",
        "name": "Westside Beltline Connector",
        "surface": "concrete",
        "@relations": [
          {
            "role": "",
            "rel": 12321751,
            "reltags": {
              "name": "Westside Beltline Connector",
              "network": "lcn",
              "ref": "WSC",
              "route": "bicycle",
              "type": "route"
            }
          }
        ]
      },
      "geometry": {
        "type": "LineString",
        "coordinates": [
          [
            -84.3999396,
            33.7637345
          ],
          [
            -84.399468,
            33.7637631
          ],
          [
            -84.3988971,
            33.7638066
          ],
          [
            -84.3987949,
            33.7638165
          ],
          [
            -84.3987093,
            33.7638346
          ],
          [
            -84.3986106,
            33.7638465
          ]
        ]
      },
      "id": "way/1388919032"
    },
    {
      "type": "Feature",
      "properties": {
        "@id": "way/1388919033",
        "bicycle": "designated",
        "footway": "sidewalk",
        "highway": "footway",
        "name": "Westside Beltline Connector",
        "surface": "concrete",
        "@relations": [
          {
            "role": "",
            "rel": 12321751,
            "reltags": {
              "name": "Westside Beltline Connector",
              "network": "lcn",
              "ref": "WSC",
              "route": "bicycle",
              "type": "route"
            }
          }
        ]
      },
      "geometry": {
        "type": "LineString",
        "coordinates": [
          [
            -84.4003216,
            33.763696
          ],
          [
            -84.4001211,
            33.763714
          ],
          [
            -84.3999396,
            33.7637345
          ]
        ]
      },
      "id": "way/1388919033"
    },
    {
      "type": "Feature",
      "properties": {
        "@id": "way/1390483461",
        "bicycle": "designated",
        "foot": "designated",
        "highway": "cycleway",
        "name": "Beltline Access Line",
        "surface": "concrete"
      },
      "geometry": {
        "type": "LineString",
        "coordinates": [
          [
            -84.3647983,
            33.7571295
          ],
          [
            -84.364381,
            33.7571224
          ]
        ]
      },
      "id": "way/1390483461"
    },
    {
      "type": "Feature",
      "properties": {
        "@id": "way/1390483462",
        "bicycle": "designated",
        "foot": "designated",
        "highway": "cycleway",
        "name": "Beltline Access Line",
        "surface": "concrete"
      },
      "geometry": {
        "type": "LineString",
        "coordinates": [
          [
            -84.364981,
            33.7571357
          ],
          [
            -84.3648587,
            33.7571306
          ]
        ]
      },
      "id": "way/1390483462"
    },
    {
      "type": "Feature",
      "properties": {
        "@id": "way/1390483463",
        "access": "yes",
        "bicycle": "dismount",
        "foot": "yes",
        "handrail": "yes",
        "highway": "steps",
        "incline": "down",
        "name": "Beltline Access Line",
        "ramp": "no",
        "surface": "concrete"
      },
      "geometry": {
        "type": "LineString",
        "coordinates": [
          [
            -84.3648587,
            33.7571306
          ],
          [
            -84.3647983,
            33.7571295
          ]
        ]
      },
      "id": "way/1390483463"
    },
    {
      "type": "Feature",
      "properties": {
        "@id": "way/1390863060",
        "bicycle": "designated",
        "foot": "designated",
        "highway": "cycleway",
        "name": "Beltline Access Line",
        "surface": "concrete"
      },
      "geometry": {
        "type": "LineString",
        "coordinates": [
          [
            -84.4144753,
            33.7750282
          ],
          [
            -84.414477,
            33.775098
          ]
        ]
      },
      "id": "way/1390863060"
    },
    {
      "type": "Feature",
      "properties": {
        "@id": "way/1391965559",
        "abandoned:railway": "rail",
        "bicycle": "designated",
        "electrified": "no",
        "end_date": "2019",
        "foot": "designated",
        "gauge": "1435",
        "highway": "cycleway",
        "name": "Westside BeltLine Connector",
        "note:old_railway_operator": "AB&C",
        "old_railway_operator": "ACL",
        "oneway": "no",
        "operator": "CSX Transportation",
        "operator:wikidata": "Q856783",
        "railway": "abandoned",
        "segregated": "no",
        "service": "spur",
        "surface": "concrete",
        "@relations": [
          {
            "role": "",
            "rel": 12321751,
            "reltags": {
              "name": "Westside Beltline Connector",
              "network": "lcn",
              "ref": "WSC",
              "route": "bicycle",
              "type": "route"
            }
          }
        ]
      },
      "geometry": {
        "type": "LineString",
        "coordinates": [
          [
            -84.416049,
            33.7748636
          ],
          [
            -84.4161519,
            33.7748578
          ],
          [
            -84.4162527,
            33.7748584
          ],
          [
            -84.4169252,
            33.7748666
          ],
          [
            -84.4170551,
            33.7748746
          ],
          [
            -84.41714,
            33.7748781
          ],
          [
            -84.4173003,
            33.7748804
          ]
        ]
      },
      "id": "way/1391965559"
    },
    {
      "type": "Feature",
      "properties": {
        "@id": "way/1392719555",
        "bicycle": "yes",
        "foot": "yes",
        "highway": "cycleway",
        "motor_vehicle": "no",
        "name": "Westside Beltline Connector",
        "oneway": "no",
        "segregated": "no",
        "smoothness": "good",
        "stroller": "yes",
        "surface": "concrete",
        "wheelchair": "yes",
        "width": "2"
      },
      "geometry": {
        "type": "LineString",
        "coordinates": [
          [
            -84.4093532,
            33.771879
          ],
          [
            -84.4092419,
            33.7719519
          ]
        ]
      },
      "id": "way/1392719555"
    },
    {
      "type": "Feature",
      "properties": {
        "@id": "way/1392896277",
        "bicycle": "designated",
        "foot": "designated",
        "highway": "cycleway",
        "name": "Beltline Access Line"
      },
      "geometry": {
        "type": "LineString",
        "coordinates": [
          [
            -84.4032687,
            33.8104864
          ],
          [
            -84.4032633,
            33.8103848
          ],
          [
            -84.4032483,
            33.8103607
          ],
          [
            -84.4031088,
            33.8102842
          ]
        ]
      },
      "id": "way/1392896277"
    },
    {
      "type": "Feature",
      "properties": {
        "@id": "way/1395889722",
        "bicycle": "designated",
        "foot": "designated",
        "highway": "cycleway",
        "name": "Beltline Access Line",
        "surface": "ground"
      },
      "geometry": {
        "type": "LineString",
        "coordinates": [
          [
            -84.4331033,
            33.7445232
          ],
          [
            -84.4330433,
            33.7444205
          ],
          [
            -84.432968,
            33.7443205
          ],
          [
            -84.4328849,
            33.7442486
          ],
          [
            -84.432803,
            33.7442039
          ],
          [
            -84.4327141,
            33.744185
          ],
          [
            -84.4326541,
            33.7441656
          ],
          [
            -84.4326071,
            33.7441347
          ],
          [
            -84.4325637,
            33.7441031
          ],
          [
            -84.4325265,
            33.7440875
          ],
          [
            -84.4324825,
            33.7440813
          ]
        ]
      },
      "id": "way/1395889722"
    },
    {
      "type": "Feature",
      "properties": {
        "@id": "way/1396654811",
        "highway": "footway",
        "name": "Beltline Access Line"
      },
      "geometry": {
        "type": "LineString",
        "coordinates": [
          [
            -84.3672566,
            33.7801629
          ],
          [
            -84.3673278,
            33.7802577
          ],
          [
            -84.3673153,
            33.7802645
          ],
          [
            -84.3672459,
            33.7801911
          ],
          [
            -84.3672339,
            33.7801974
          ],
          [
            -84.3672867,
            33.78028
          ],
          [
            -84.3672723,
            33.7802878
          ],
          [
            -84.3671862,
            33.7801987
          ],
          [
            -84.3670768,
            33.7802553
          ]
        ]
      },
      "id": "way/1396654811"
    },
    {
      "type": "Feature",
      "properties": {
        "@id": "way/1396654812",
        "highway": "steps",
        "name": "Midtown Promenade - Beltline Connection"
      },
      "geometry": {
        "type": "LineString",
        "coordinates": [
          [
            -84.3672566,
            33.7801629
          ],
          [
            -84.3671862,
            33.7801987
          ]
        ]
      },
      "id": "way/1396654812"
    },
    {
      "type": "Feature",
      "properties": {
        "@id": "way/1396654828",
        "abandoned:railway": "rail",
        "bicycle": "designated",
        "foot": "designated",
        "highway": "cycleway",
        "name": "Interim BeltLine Northeast Trail",
        "railway": "abandoned",
        "segregated": "no",
        "surface": "gravel",
        "@relations": [
          {
            "role": "",
            "rel": 8408433,
            "reltags": {
              "name": "Atlanta Beltline Trail",
              "network": "lcn",
              "ref": "BELT",
              "route": "bicycle",
              "type": "route"
            }
          }
        ]
      },
      "geometry": {
        "type": "LineString",
        "coordinates": [
          [
            -84.3701359,
            33.7920209
          ],
          [
            -84.3701376,
            33.7919907
          ],
          [
            -84.3701415,
            33.7917894
          ],
          [
            -84.3701768,
            33.791593
          ],
          [
            -84.3701898,
            33.7914886
          ],
          [
            -84.3702106,
            33.7913325
          ],
          [
            -84.3702319,
            33.7909982
          ],
          [
            -84.3702449,
            33.7909008
          ],
          [
            -84.3704023,
            33.789725
          ],
          [
            -84.3704063,
            33.7896887
          ]
        ]
      },
      "id": "way/1396654828"
    },
    {
      "type": "Feature",
      "properties": {
        "@id": "way/1396654832",
        "abandoned:railway": "rail",
        "bicycle": "designated",
        "foot": "designated",
        "highway": "cycleway",
        "name": "Interim BeltLine Northeast Trail",
        "old_railway_operator": "Southern",
        "railway": "abandoned",
        "segregated": "no",
        "surface": "gravel",
        "@relations": [
          {
            "role": "",
            "rel": 8408433,
            "reltags": {
              "name": "Atlanta Beltline Trail",
              "network": "lcn",
              "ref": "BELT",
              "route": "bicycle",
              "type": "route"
            }
          }
        ]
      },
      "geometry": {
        "type": "LineString",
        "coordinates": [
          [
            -84.3703542,
            33.7937979
          ],
          [
            -84.3703493,
            33.7937824
          ],
          [
            -84.3703414,
            33.7937578
          ],
          [
            -84.3703249,
            33.7937056
          ],
          [
            -84.3703029,
            33.7935913
          ]
        ]
      },
      "id": "way/1396654832"
    },
    {
      "type": "Feature",
      "properties": {
        "@id": "way/1396654833",
        "bicycle": "designated",
        "foot": "designated",
        "highway": "cycleway",
        "name": "Beltline Access Line"
      },
      "geometry": {
        "type": "LineString",
        "coordinates": [
          [
            -84.370905,
            33.7953896
          ],
          [
            -84.3708684,
            33.7954031
          ],
          [
            -84.3709917,
            33.7956217
          ],
          [
            -84.37097,
            33.7956301
          ],
          [
            -84.3708554,
            33.7954313
          ],
          [
            -84.3707981,
            33.7953701
          ]
        ]
      },
      "id": "way/1396654833"
    },
    {
      "type": "Feature",
      "properties": {
        "@id": "way/1396654836",
        "bicycle": "designated",
        "foot": "designated",
        "highway": "cycleway",
        "name": "Beltline Access Line",
        "surface": "fine_gravel"
      },
      "geometry": {
        "type": "LineString",
        "coordinates": [
          [
            -84.3730691,
            33.7994031
          ],
          [
            -84.3729966,
            33.7994157
          ],
          [
            -84.3729291,
            33.7994158
          ],
          [
            -84.3728776,
            33.7994074
          ],
          [
            -84.3728197,
            33.7993794
          ],
          [
            -84.3727717,
            33.7993591
          ],
          [
            -84.3727152,
            33.7993542
          ],
          [
            -84.3726629,
            33.7993587
          ],
          [
            -84.3725788,
            33.7993768
          ]
        ]
      },
      "id": "way/1396654836"
    },
    {
      "type": "Feature",
      "properties": {
        "@id": "way/1396654837",
        "bicycle": "designated",
        "foot": "designated",
        "highway": "cycleway",
        "name": "Beltline Access Line"
      },
      "geometry": {
        "type": "LineString",
        "coordinates": [
          [
            -84.3772081,
            33.8095753
          ],
          [
            -84.3771272,
            33.8095876
          ],
          [
            -84.3770443,
            33.8096091
          ],
          [
            -84.3769855,
            33.8096309
          ],
          [
            -84.3769284,
            33.8096592
          ],
          [
            -84.3763181,
            33.8099703
          ],
          [
            -84.3762287,
            33.8100217
          ],
          [
            -84.3761386,
            33.8100834
          ],
          [
            -84.3760525,
            33.8101531
          ],
          [
            -84.3759463,
            33.8102434
          ],
          [
            -84.3758875,
            33.8103019
          ],
          [
            -84.3758308,
            33.8103595
          ],
          [
            -84.3756588,
            33.8105385
          ],
          [
            -84.3756316,
            33.8105532
          ],
          [
            -84.3756145,
            33.8105604
          ]
        ]
      },
      "id": "way/1396654837"
    },
    {
      "type": "Feature",
      "properties": {
        "@id": "way/1396654840",
        "abandoned:railway": "rail",
        "bicycle": "designated",
        "foot": "designated",
        "highway": "cycleway",
        "name": "Beltline Access Line",
        "railway": "abandoned",
        "segregated": "no",
        "surface": "paved",
        "@relations": [
          {
            "role": "",
            "rel": 8408433,
            "reltags": {
              "name": "Atlanta Beltline Trail",
              "network": "lcn",
              "ref": "BELT",
              "route": "bicycle",
              "type": "route"
            }
          }
        ]
      },
      "geometry": {
        "type": "LineString",
        "coordinates": [
          [
            -84.3704375,
            33.7894695
          ],
          [
            -84.3704411,
            33.7894474
          ],
          [
            -84.370449,
            33.7894297
          ],
          [
            -84.3704595,
            33.7894176
          ],
          [
            -84.3704796,
            33.7894078
          ],
          [
            -84.370571,
            33.7893776
          ],
          [
            -84.3706172,
            33.7893664
          ],
          [
            -84.370654,
            33.7893486
          ],
          [
            -84.3706879,
            33.7893215
          ]
        ]
      },
      "id": "way/1396654840"
    },
    {
      "type": "Feature",
      "properties": {
        "@id": "way/1396654841",
        "abandoned:railway": "rail",
        "bicycle": "designated",
        "cycleway": "crossing",
        "foot": "designated",
        "highway": "cycleway",
        "name": "Interim BeltLine Northeast Trail",
        "railway": "abandoned",
        "segregated": "no",
        "surface": "paved",
        "@relations": [
          {
            "role": "",
            "rel": 8408433,
            "reltags": {
              "name": "Atlanta Beltline Trail",
              "network": "lcn",
              "ref": "BELT",
              "route": "bicycle",
              "type": "route"
            }
          }
        ]
      },
      "geometry": {
        "type": "LineString",
        "coordinates": [
          [
            -84.3704063,
            33.7896887
          ],
          [
            -84.3704194,
            33.7895901
          ],
          [
            -84.3704375,
            33.7894695
          ]
        ]
      },
      "id": "way/1396654841"
    },
    {
      "type": "Feature",
      "properties": {
        "@id": "way/1396654845",
        "bicycle": "designated",
        "foot": "designated",
        "highway": "cycleway",
        "name": "Beltline Access Line"
      },
      "geometry": {
        "type": "LineString",
        "coordinates": [
          [
            -84.3639154,
            33.7707957
          ],
          [
            -84.363736,
            33.7708574
          ]
        ]
      },
      "id": "way/1396654845"
    },
    {
      "type": "Feature",
      "properties": {
        "@id": "way/1396654846",
        "highway": "steps",
        "name": "Beltline Access Line"
      },
      "geometry": {
        "type": "LineString",
        "coordinates": [
          [
            -84.3639154,
            33.7707957
          ],
          [
            -84.3639711,
            33.7709094
          ]
        ]
      },
      "id": "way/1396654846"
    },
    {
      "type": "Feature",
      "properties": {
        "@id": "way/1396654847",
        "bicycle": "designated",
        "foot": "designated",
        "highway": "cycleway",
        "name": "Beltline Access Line"
      },
      "geometry": {
        "type": "LineString",
        "coordinates": [
          [
            -84.3639711,
            33.7709094
          ],
          [
            -84.3640463,
            33.7708848
          ]
        ]
      },
      "id": "way/1396654847"
    },
    {
      "type": "Feature",
      "properties": {
        "@id": "way/1396654863",
        "bicycle": "designated",
        "foot": "designated",
        "highway": "cycleway",
        "name": "Beltline Access Line",
        "surface": "concrete"
      },
      "geometry": {
        "type": "LineString",
        "coordinates": [
          [
            -84.3655385,
            33.7551185
          ],
          [
            -84.3653694,
            33.7550976
          ]
        ]
      },
      "id": "way/1396654863"
    },
    {
      "type": "Feature",
      "properties": {
        "@id": "way/1396654866",
        "bicycle": "designated",
        "foot": "designated",
        "highway": "cycleway",
        "name": "Beltline Access Line",
        "surface": "concrete"
      },
      "geometry": {
        "type": "LineString",
        "coordinates": [
          [
            -84.3655337,
            33.7552778
          ],
          [
            -84.3654458,
            33.7557127
          ],
          [
            -84.365417,
            33.7557315
          ],
          [
            -84.3652644,
            33.7557128
          ]
        ]
      },
      "id": "way/1396654866"
    },
    {
      "type": "Feature",
      "properties": {
        "@id": "way/1396654868",
        "bicycle": "designated",
        "foot": "designated",
        "highway": "cycleway",
        "name": "Beltline Access Line"
      },
      "geometry": {
        "type": "LineString",
        "coordinates": [
          [
            -84.3657316,
            33.7566588
          ],
          [
            -84.365601,
            33.7566556
          ],
          [
            -84.3655178,
            33.7566335
          ],
          [
            -84.3654862,
            33.7566251
          ],
          [
            -84.3654851,
            33.7566248
          ],
          [
            -84.3654171,
            33.7566034
          ],
          [
            -84.365335,
            33.7565694
          ],
          [
            -84.3652927,
            33.7565614
          ],
          [
            -84.3651028,
            33.7565394
          ]
        ]
      },
      "id": "way/1396654868"
    },
    {
      "type": "Feature",
      "properties": {
        "@id": "way/1396660091",
        "bicycle": "designated",
        "foot": "designated",
        "highway": "cycleway",
        "name": "Beltline Access Line",
        "surface": "wood"
      },
      "geometry": {
        "type": "LineString",
        "coordinates": [
          [
            -84.4221977,
            33.7314065
          ],
          [
            -84.4221809,
            33.7314346
          ],
          [
            -84.4221655,
            33.7314423
          ],
          [
            -84.4221392,
            33.7314456
          ],
          [
            -84.4221137,
            33.7314369
          ],
          [
            -84.4220998,
            33.7314238
          ],
          [
            -84.422091,
            33.7314128
          ],
          [
            -84.4220497,
            33.7313611
          ],
          [
            -84.4220306,
            33.7313436
          ],
          [
            -84.4220113,
            33.7313326
          ],
          [
            -84.4219734,
            33.7313238
          ],
          [
            -84.4219209,
            33.73131
          ],
          [
            -84.421893,
            33.7312953
          ],
          [
            -84.4218769,
            33.7312799
          ],
          [
            -84.421813,
            33.7311826
          ],
          [
            -84.4218002,
            33.7311678
          ],
          [
            -84.4217749,
            33.7311582
          ],
          [
            -84.4217313,
            33.731147
          ],
          [
            -84.4217188,
            33.7311347
          ],
          [
            -84.4217188,
            33.7311229
          ],
          [
            -84.421726,
            33.7311121
          ],
          [
            -84.4217569,
            33.7310827
          ]
        ]
      },
      "id": "way/1396660091"
    },
    {
      "type": "Feature",
      "properties": {
        "@id": "way/1396660094",
        "bicycle": "designated",
        "foot": "designated",
        "highway": "cycleway",
        "name": "Beltline Access Line",
        "oneway": "no",
        "segregated": "no",
        "surface": "concrete"
      },
      "geometry": {
        "type": "LineString",
        "coordinates": [
          [
            -84.426897,
            33.7509541
          ],
          [
            -84.4268515,
            33.7509165
          ],
          [
            -84.426842,
            33.7508929
          ],
          [
            -84.4268474,
            33.7508373
          ],
          [
            -84.4268812,
            33.7507496
          ],
          [
            -84.4268839,
            33.7506988
          ],
          [
            -84.4268613,
            33.7506599
          ],
          [
            -84.4268147,
            33.7506307
          ],
          [
            -84.426773,
            33.750619
          ],
          [
            -84.4265944,
            33.7505814
          ],
          [
            -84.4265067,
            33.7505794
          ],
          [
            -84.4264712,
            33.7505828
          ],
          [
            -84.4264,
            33.750592
          ]
        ]
      },
      "id": "way/1396660094"
    },
    {
      "type": "Feature",
      "properties": {
        "@id": "way/1396660095",
        "bicycle": "designated",
        "foot": "designated",
        "highway": "cycleway",
        "name": "Beltline Access Line"
      },
      "geometry": {
        "type": "LineString",
        "coordinates": [
          [
            -84.4251489,
            33.7557259
          ],
          [
            -84.4252512,
            33.755727
          ],
          [
            -84.4252475,
            33.7558179
          ]
        ]
      },
      "id": "way/1396660095"
    },
    {
      "type": "Feature",
      "properties": {
        "@id": "way/1396660102",
        "abandoned:railway": "rail",
        "highway": "path",
        "name": "Atlanta BeltLine Northwest Spur"
      },
      "geometry": {
        "type": "LineString",
        "coordinates": [
          [
            -84.4245419,
            33.7588448
          ],
          [
            -84.4243946,
            33.7596395
          ],
          [
            -84.4242145,
            33.7603258
          ],
          [
            -84.4241752,
            33.7609223
          ]
        ]
      },
      "id": "way/1396660102"
    },
    {
      "type": "Feature",
      "properties": {
        "@id": "way/1396660105",
        "bicycle": "designated",
        "foot": "designated",
        "highway": "cycleway",
        "name": "Atlanta Beltline Westside Trail",
        "oneway": "no",
        "surface": "concrete",
        "@relations": [
          {
            "role": "",
            "rel": 8408433,
            "reltags": {
              "name": "Atlanta Beltline Trail",
              "network": "lcn",
              "ref": "BELT",
              "route": "bicycle",
              "type": "route"
            }
          }
        ]
      },
      "geometry": {
        "type": "LineString",
        "coordinates": [
          [
            -84.4240492,
            33.7635732
          ],
          [
            -84.4240507,
            33.7635923
          ],
          [
            -84.4241293,
            33.7635965
          ],
          [
            -84.4241963,
            33.7636128
          ],
          [
            -84.4242542,
            33.7636451
          ],
          [
            -84.4243237,
            33.763703
          ],
          [
            -84.4243615,
            33.7637519
          ],
          [
            -84.4243852,
            33.7638128
          ],
          [
            -84.4244393,
            33.7641565
          ],
          [
            -84.4244445,
            33.7642443
          ],
          [
            -84.4244348,
            33.7645251
          ],
          [
            -84.4244429,
            33.7646381
          ],
          [
            -84.4244651,
            33.7647615
          ],
          [
            -84.4245016,
            33.7648718
          ],
          [
            -84.4245444,
            33.76497
          ],
          [
            -84.4246698,
            33.7652345
          ],
          [
            -84.4246943,
            33.7653039
          ],
          [
            -84.4247082,
            33.7653821
          ],
          [
            -84.4247038,
            33.7654593
          ],
          [
            -84.4246844,
            33.7655405
          ],
          [
            -84.4246438,
            33.7656307
          ],
          [
            -84.4245838,
            33.7657145
          ],
          [
            -84.4245083,
            33.7657778
          ],
          [
            -84.4244287,
            33.7658242
          ],
          [
            -84.4243308,
            33.7658696
          ]
        ]
      },
      "id": "way/1396660105"
    },
    {
      "type": "Feature",
      "properties": {
        "@id": "way/1396660109",
        "bicycle": "designated",
        "electrified": "no",
        "end_date": "2019",
        "foot": "designated",
        "highway": "cycleway",
        "name": "Atlanta Beltline Westside Trail",
        "oneway": "no",
        "segregated": "no",
        "service": "spur",
        "surface": "concrete",
        "@relations": [
          {
            "role": "",
            "rel": 8408433,
            "reltags": {
              "name": "Atlanta Beltline Trail",
              "network": "lcn",
              "ref": "BELT",
              "route": "bicycle",
              "type": "route"
            }
          }
        ]
      },
      "geometry": {
        "type": "LineString",
        "coordinates": [
          [
            -84.4235594,
            33.7743537
          ],
          [
            -84.4236049,
            33.7743842
          ],
          [
            -84.4236681,
            33.7744267
          ],
          [
            -84.4237324,
            33.7744519
          ],
          [
            -84.4238102,
            33.7744745
          ],
          [
            -84.4238987,
            33.7744793
          ],
          [
            -84.424203,
            33.7744439
          ],
          [
            -84.4248466,
            33.77436
          ],
          [
            -84.4249376,
            33.774346
          ],
          [
            -84.4250376,
            33.7743385
          ],
          [
            -84.4251506,
            33.774334
          ],
          [
            -84.4253086,
            33.774343
          ],
          [
            -84.4254519,
            33.7743571
          ],
          [
            -84.425606,
            33.774389
          ],
          [
            -84.4256757,
            33.7744053
          ],
          [
            -84.4257722,
            33.7744395
          ],
          [
            -84.4258273,
            33.7744657
          ],
          [
            -84.4258793,
            33.7745006
          ],
          [
            -84.4262112,
            33.7746959
          ],
          [
            -84.426297,
            33.77479
          ],
          [
            -84.4263645,
            33.7748567
          ],
          [
            -84.4263934,
            33.7749032
          ],
          [
            -84.4264136,
            33.7749682
          ]
        ]
      },
      "id": "way/1396660109"
    },
    {
      "type": "Feature",
      "properties": {
        "@id": "way/1396660110",
        "abandoned:railway": "rail",
        "bicycle": "designated",
        "cycleway": "crossing",
        "electrified": "no",
        "end_date": "2019",
        "foot": "designated",
        "gauge": "1435",
        "highway": "cycleway",
        "name": "Westside BeltLine Connector",
        "note:old_railway_operator": "AB&C",
        "old_railway_operator": "ACL",
        "oneway": "no",
        "operator": "CSX Transportation",
        "operator:wikidata": "Q856783",
        "railway": "abandoned",
        "segregated": "no",
        "service": "spur",
        "surface": "concrete",
        "@relations": [
          {
            "role": "",
            "rel": 12321751,
            "reltags": {
              "name": "Westside Beltline Connector",
              "network": "lcn",
              "ref": "WSC",
              "route": "bicycle",
              "type": "route"
            }
          }
        ]
      },
      "geometry": {
        "type": "LineString",
        "coordinates": [
          [
            -84.4173003,
            33.7748804
          ],
          [
            -84.4173565,
            33.7748808
          ],
          [
            -84.4174304,
            33.7748814
          ]
        ]
      },
      "id": "way/1396660110"
    },
    {
      "type": "Feature",
      "properties": {
        "@id": "way/1396660112",
        "abandoned:railway": "rail",
        "bicycle": "designated",
        "foot": "designated",
        "highway": "cycleway",
        "name": "Westside BeltLine Connector",
        "note:old_railway_operator": "AB&C",
        "old_railway_operator": "ACL",
        "railway": "abandoned",
        "segregated": "no",
        "surface": "concrete",
        "@relations": [
          {
            "role": "",
            "rel": 12321751,
            "reltags": {
              "name": "Westside Beltline Connector",
              "network": "lcn",
              "ref": "WSC",
              "route": "bicycle",
              "type": "route"
            }
          }
        ]
      },
      "geometry": {
        "type": "LineString",
        "coordinates": [
          [
            -84.4114711,
            33.7740561
          ],
          [
            -84.4115238,
            33.7740972
          ],
          [
            -84.4116321,
            33.7741778
          ],
          [
            -84.4117708,
            33.77425
          ],
          [
            -84.411982,
            33.7743553
          ],
          [
            -84.4121712,
            33.7744408
          ],
          [
            -84.4123802,
            33.774525
          ]
        ]
      },
      "id": "way/1396660112"
    },
    {
      "type": "Feature",
      "properties": {
        "@id": "way/1396660113",
        "abandoned:railway": "rail",
        "bicycle": "designated",
        "cycleway": "crossing",
        "foot": "designated",
        "highway": "cycleway",
        "name": "Westside BeltLine Connector",
        "note:old_railway_operator": "AB&C",
        "old_railway_operator": "ACL",
        "railway": "abandoned",
        "segregated": "no",
        "surface": "concrete",
        "@relations": [
          {
            "role": "",
            "rel": 12321751,
            "reltags": {
              "name": "Westside Beltline Connector",
              "network": "lcn",
              "ref": "WSC",
              "route": "bicycle",
              "type": "route"
            }
          }
        ]
      },
      "geometry": {
        "type": "LineString",
        "coordinates": [
          [
            -84.4113833,
            33.7739858
          ],
          [
            -84.4114324,
            33.7740259
          ],
          [
            -84.4114711,
            33.7740561
          ]
        ]
      },
      "id": "way/1396660113"
    },
    {
      "type": "Feature",
      "properties": {
        "@id": "way/1409591695",
        "bicycle": "designated",
        "foot": "designated",
        "highway": "cycleway",
        "name": "Beltline Access Line"
      },
      "geometry": {
        "type": "LineString",
        "coordinates": [
          [
            -84.3624412,
            33.7688274
          ],
          [
            -84.3625138,
            33.7687048
          ]
        ]
      },
      "id": "way/1409591695"
    },
    {
      "type": "Feature",
      "properties": {
        "@id": "way/1409591696",
        "bicycle": "designated",
        "foot": "designated",
        "highway": "cycleway",
        "name": "Beltline Access Line"
      },
      "geometry": {
        "type": "LineString",
        "coordinates": [
          [
            -84.3624412,
            33.7688274
          ],
          [
            -84.3623316,
            33.7686935
          ]
        ]
      },
      "id": "way/1409591696"
    },
    {
      "type": "Feature",
      "properties": {
        "@id": "way/1409896508",
        "abandoned:railway": "rail",
        "bicycle": "designated",
        "electrified": "no",
        "end_date": "2019",
        "foot": "designated",
        "gauge": "1435",
        "highway": "cycleway",
        "name": "Westside BeltLine Connector",
        "note:old_railway_operator": "AB&C",
        "old_railway_operator": "ACL",
        "oneway": "no",
        "operator": "CSX Transportation",
        "operator:wikidata": "Q856783",
        "railway": "abandoned",
        "segregated": "no",
        "service": "spur",
        "surface": "concrete",
        "@relations": [
          {
            "role": "",
            "rel": 12321751,
            "reltags": {
              "name": "Westside Beltline Connector",
              "network": "lcn",
              "ref": "WSC",
              "route": "bicycle",
              "type": "route"
            }
          }
        ]
      },
      "geometry": {
        "type": "LineString",
        "coordinates": [
          [
            -84.4228192,
            33.7746292
          ],
          [
            -84.4228733,
            33.7746143
          ],
          [
            -84.4229211,
            33.7745946
          ],
          [
            -84.4230189,
            33.7745357
          ],
          [
            -84.4231247,
            33.7744783
          ],
          [
            -84.4232334,
            33.7744344
          ],
          [
            -84.4233477,
            33.7744031
          ],
          [
            -84.4234728,
            33.7743804
          ],
          [
            -84.4235594,
            33.7743537
          ]
        ]
      },
      "id": "way/1409896508"
    },
    {
      "type": "Feature",
      "properties": {
        "@id": "way/1409896510",
        "bicycle": "designated",
        "crossing": "marked",
        "crossing:island": "no",
        "crossing:markings": "ladder:paired",
        "cycleway": "crossing",
        "foot": "designated",
        "highway": "cycleway",
        "name": "Atlanta Beltline Westside Trail",
        "surface": "asphalt",
        "@relations": [
          {
            "role": "",
            "rel": 8408433,
            "reltags": {
              "name": "Atlanta Beltline Trail",
              "network": "lcn",
              "ref": "BELT",
              "route": "bicycle",
              "type": "route"
            }
          }
        ]
      },
      "geometry": {
        "type": "LineString",
        "coordinates": [
          [
            -84.423959,
            33.7635742
          ],
          [
            -84.4239506,
            33.7634988
          ],
          [
            -84.4239443,
            33.7634416
          ]
        ]
      },
      "id": "way/1409896510"
    },
    {
      "type": "Feature",
      "properties": {
        "@id": "way/1409896512",
        "bicycle": "designated",
        "foot": "designated",
        "highway": "cycleway",
        "name": "Atlanta Beltline Westside Trail",
        "oneway": "no",
        "surface": "concrete",
        "@relations": [
          {
            "role": "",
            "rel": 8408433,
            "reltags": {
              "name": "Atlanta Beltline Trail",
              "network": "lcn",
              "ref": "BELT",
              "route": "bicycle",
              "type": "route"
            }
          }
        ]
      },
      "geometry": {
        "type": "LineString",
        "coordinates": [
          [
            -84.423959,
            33.7635742
          ],
          [
            -84.4240492,
            33.7635732
          ]
        ]
      },
      "id": "way/1409896512"
    },
    {
      "type": "Feature",
      "properties": {
        "@id": "way/1409896513",
        "abandoned:railway": "rail",
        "bicycle": "designated",
        "foot": "designated",
        "highway": "cycleway",
        "name": "Atlanta Beltline Westside Trail",
        "surface": "concrete",
        "@relations": [
          {
            "role": "",
            "rel": 8408433,
            "reltags": {
              "name": "Atlanta Beltline Trail",
              "network": "lcn",
              "ref": "BELT",
              "route": "bicycle",
              "type": "route"
            }
          }
        ]
      },
      "geometry": {
        "type": "LineString",
        "coordinates": [
          [
            -84.4252291,
            33.7565802
          ],
          [
            -84.425188,
            33.7567123
          ],
          [
            -84.4251617,
            33.7567649
          ],
          [
            -84.4251363,
            33.7568028
          ],
          [
            -84.4250856,
            33.7568691
          ],
          [
            -84.4250608,
            33.7569161
          ],
          [
            -84.4250399,
            33.7569723
          ],
          [
            -84.4247335,
            33.7581384
          ],
          [
            -84.4245463,
            33.7588288
          ],
          [
            -84.4245419,
            33.7588448
          ]
        ]
      },
      "id": "way/1409896513"
    },
    {
      "type": "Feature",
      "properties": {
        "@id": "way/1409896514",
        "bicycle": "designated",
        "foot": "designated",
        "highway": "cycleway",
        "name": "Atlanta Beltline Westside Trail",
        "surface": "concrete",
        "@relations": [
          {
            "role": "",
            "rel": 8408433,
            "reltags": {
              "name": "Atlanta Beltline Trail",
              "network": "lcn",
              "ref": "BELT",
              "route": "bicycle",
              "type": "route"
            }
          }
        ]
      },
      "geometry": {
        "type": "LineString",
        "coordinates": [
          [
            -84.4239782,
            33.763432
          ],
          [
            -84.4240363,
            33.7634114
          ]
        ]
      },
      "id": "way/1409896514"
    },
    {
      "type": "Feature",
      "properties": {
        "@id": "way/1409896516",
        "bicycle": "designated",
        "foot": "designated",
        "highway": "cycleway",
        "name": "Atlanta Beltline Westside Trail",
        "surface": "concrete",
        "@relations": [
          {
            "role": "",
            "rel": 8408433,
            "reltags": {
              "name": "Atlanta Beltline Trail",
              "network": "lcn",
              "ref": "BELT",
              "route": "bicycle",
              "type": "route"
            }
          }
        ]
      },
      "geometry": {
        "type": "LineString",
        "coordinates": [
          [
            -84.4239782,
            33.763432
          ],
          [
            -84.4239443,
            33.7634416
          ]
        ]
      },
      "id": "way/1409896516"
    },
    {
      "type": "Feature",
      "properties": {
        "@id": "way/1421664781",
        "bicycle": "designated",
        "foot": "designated",
        "highway": "cycleway",
        "lit": "yes",
        "motor_vehicle": "no",
        "name": "Atlanta Beltline Eastside Trail",
        "oneway": "no",
        "segregated": "no",
        "start_date": "2017-9-1",
        "surface": "concrete",
        "@relations": [
          {
            "role": "",
            "rel": 8408433,
            "reltags": {
              "name": "Atlanta Beltline Trail",
              "network": "lcn",
              "ref": "BELT",
              "route": "bicycle",
              "type": "route"
            }
          }
        ]
      },
      "geometry": {
        "type": "LineString",
        "coordinates": [
          [
            -84.3639452,
            33.7535563
          ],
          [
            -84.3639871,
            33.7535748
          ],
          [
            -84.3647182,
            33.753411
          ],
          [
            -84.36478,
            33.7533972
          ],
          [
            -84.3648304,
            33.7533921
          ],
          [
            -84.364894,
            33.7533957
          ],
          [
            -84.3649873,
            33.753426
          ]
        ]
      },
      "id": "way/1421664781"
    },
    {
      "type": "Feature",
      "properties": {
        "@id": "way/1421664782",
        "abandoned:railway": "rail",
        "bicycle": "designated",
        "foot": "designated",
        "highway": "cycleway",
        "lit": "yes",
        "motor_vehicle": "no",
        "name": "Atlanta Beltline Southeast Trail",
        "old_railway_operator": "Southern",
        "railway": "abandoned",
        "segregated": "no",
        "start_date": "2017-9-1",
        "surface": "concrete",
        "@relations": [
          {
            "role": "",
            "rel": 8408433,
            "reltags": {
              "name": "Atlanta Beltline Trail",
              "network": "lcn",
              "ref": "BELT",
              "route": "bicycle",
              "type": "route"
            }
          }
        ]
      },
      "geometry": {
        "type": "LineString",
        "coordinates": [
          [
            -84.357076,
            33.7525553
          ],
          [
            -84.3570751,
            33.7525848
          ]
        ]
      },
      "id": "way/1421664782"
    },
    {
      "type": "Feature",
      "properties": {
        "@id": "way/1425309061",
        "bicycle": "dismount",
        "highway": "footway",
        "name": "Beltline Access Line",
        "trail_visibility": "intermediate"
      },
      "geometry": {
        "type": "LineString",
        "coordinates": [
          [
            -84.4275762,
            33.7492907
          ],
          [
            -84.4277344,
            33.7494064
          ]
        ]
      },
      "id": "way/1425309061"
    },
    {
      "type": "Feature",
      "properties": {
        "@id": "way/1425309062",
        "access": "yes",
        "handrail": "no",
        "highway": "steps",
        "incline": "down",
        "name": "Beltline Access Line",
        "ramp": "no",
        "surface": "wood",
        "tactile_paving": "no",
        "wheelchair": "no"
      },
      "geometry": {
        "type": "LineString",
        "coordinates": [
          [
            -84.4277344,
            33.7494064
          ],
          [
            -84.427861,
            33.7494632
          ]
        ]
      },
      "id": "way/1425309062"
    },
    {
      "type": "Feature",
      "properties": {
        "@id": "way/1428809101",
        "abandoned:railway": "rail",
        "bicycle": "designated",
        "foot": "designated",
        "highway": "cycleway",
        "name": "Atlanta Beltline Southwest Trail",
        "oneway": "no",
        "railway": "abandoned",
        "segregated": "no",
        "start_date": "2017-09-29",
        "surface": "concrete",
        "@relations": [
          {
            "role": "",
            "rel": 8408433,
            "reltags": {
              "name": "Atlanta Beltline Trail",
              "network": "lcn",
              "ref": "BELT",
              "route": "bicycle",
              "type": "route"
            }
          }
        ]
      },
      "geometry": {
        "type": "LineString",
        "coordinates": [
          [
            -84.4340196,
            33.7423008
          ],
          [
            -84.4340232,
            33.7422653
          ],
          [
            -84.4340341,
            33.7420709
          ],
          [
            -84.4340438,
            33.7417229
          ],
          [
            -84.4340569,
            33.7410047
          ],
          [
            -84.4340609,
            33.7408166
          ],
          [
            -84.4340514,
            33.7406389
          ],
          [
            -84.434009,
            33.7404004
          ],
          [
            -84.4339652,
            33.7402224
          ],
          [
            -84.4339222,
            33.7400897
          ],
          [
            -84.4338662,
            33.7399555
          ],
          [
            -84.433795,
            33.7398174
          ],
          [
            -84.4337332,
            33.7397055
          ],
          [
            -84.4336214,
            33.7395387
          ],
          [
            -84.4334879,
            33.7393761
          ],
          [
            -84.4332466,
            33.7391125
          ]
        ]
      },
      "id": "way/1428809101"
    },
    {
      "type": "Feature",
      "properties": {
        "@id": "way/1428809102",
        "abandoned:railway": "rail",
        "bicycle": "designated",
        "foot": "designated",
        "highway": "cycleway",
        "layer": "-1",
        "name": "Atlanta Beltline Southwest Trail",
        "oneway": "no",
        "railway": "abandoned",
        "segregated": "no",
        "start_date": "2017-09-29",
        "surface": "concrete",
        "tunnel": "yes",
        "@relations": [
          {
            "role": "",
            "rel": 8408433,
            "reltags": {
              "name": "Atlanta Beltline Trail",
              "network": "lcn",
              "ref": "BELT",
              "route": "bicycle",
              "type": "route"
            }
          }
        ]
      },
      "geometry": {
        "type": "LineString",
        "coordinates": [
          [
            -84.4340057,
            33.7424391
          ],
          [
            -84.4340196,
            33.7423008
          ]
        ]
      },
      "id": "way/1428809102"
    },
    {
      "type": "Feature",
      "properties": {
        "@id": "way/1429897137",
        "bicycle": "designated",
        "foot": "designated",
        "highway": "cycleway",
        "name": "Atlanta Beltline Northwest Trail",
        "oneway": "no",
        "@relations": [
          {
            "role": "",
            "rel": 8408433,
            "reltags": {
              "name": "Atlanta Beltline Trail",
              "network": "lcn",
              "ref": "BELT",
              "route": "bicycle",
              "type": "route"
            }
          }
        ]
      },
      "geometry": {
        "type": "LineString",
        "coordinates": [
          [
            -84.4103266,
            33.795239
          ],
          [
            -84.4100999,
            33.795448
          ],
          [
            -84.4100295,
            33.7955224
          ],
          [
            -84.4099732,
            33.795578
          ],
          [
            -84.4099157,
            33.7956285
          ],
          [
            -84.4098453,
            33.7956807
          ],
          [
            -84.4098178,
            33.795702
          ],
          [
            -84.4097741,
            33.7957083
          ],
          [
            -84.4096868,
            33.795709
          ],
          [
            -84.4095883,
            33.7957046
          ],
          [
            -84.4095363,
            33.7956984
          ],
          [
            -84.4094635,
            33.7956736
          ],
          [
            -84.4093624,
            33.795654
          ],
          [
            -84.4084205,
            33.7956505
          ],
          [
            -84.4083784,
            33.7956618
          ],
          [
            -84.4083485,
            33.7956745
          ],
          [
            -84.4083006,
            33.7956758
          ],
          [
            -84.4082837,
            33.7956761
          ],
          [
            -84.4082715,
            33.7956864
          ],
          [
            -84.4082715,
            33.7957087
          ],
          [
            -84.4082721,
            33.7960884
          ]
        ]
      },
      "id": "way/1429897137"
    },
    {
      "type": "Feature",
      "properties": {
        "@id": "way/1429899923",
        "abandoned:railway": "rail",
        "bicycle": "designated",
        "foot": "designated",
        "highway": "cycleway",
        "name": "Atlanta Beltline Westside Trail",
        "oneway": "no",
        "segregated": "no",
        "start_date": "2017-09-29",
        "surface": "concrete",
        "@relations": [
          {
            "role": "",
            "rel": 8408433,
            "reltags": {
              "name": "Atlanta Beltline Trail",
              "network": "lcn",
              "ref": "BELT",
              "route": "bicycle",
              "type": "route"
            }
          }
        ]
      },
      "geometry": {
        "type": "LineString",
        "coordinates": [
          [
            -84.4260706,
            33.7534127
          ],
          [
            -84.4263925,
            33.7521445
          ],
          [
            -84.4267171,
            33.751091
          ],
          [
            -84.4267849,
            33.7510149
          ],
          [
            -84.426897,
            33.7509541
          ],
          [
            -84.4271737,
            33.7507135
          ],
          [
            -84.4272442,
            33.750602
          ],
          [
            -84.4273084,
            33.7504185
          ],
          [
            -84.4273407,
            33.7502594
          ],
          [
            -84.4273836,
            33.7501462
          ],
          [
            -84.4274497,
            33.7500338
          ],
          [
            -84.4275759,
            33.7499063
          ],
          [
            -84.4277072,
            33.7497878
          ],
          [
            -84.4277742,
            33.7496814
          ],
          [
            -84.427861,
            33.7494632
          ],
          [
            -84.4278901,
            33.7493901
          ],
          [
            -84.4280327,
            33.7491617
          ],
          [
            -84.4282108,
            33.7489636
          ],
          [
            -84.4282792,
            33.7488823
          ],
          [
            -84.4284513,
            33.7487127
          ],
          [
            -84.4290285,
            33.7481953
          ],
          [
            -84.4291285,
            33.7481051
          ],
          [
            -84.4305013,
            33.7468678
          ],
          [
            -84.4305516,
            33.7468271
          ],
          [
            -84.4307791,
            33.74662
          ]
        ]
      },
      "id": "way/1429899923"
    },
    {
      "type": "Feature",
      "properties": {
        "@id": "way/1429902361",
        "bicycle": "designated",
        "foot": "designated",
        "highway": "cycleway",
        "name": "Atlanta Beltline Westside Trail",
        "oneway": "no"
      },
      "geometry": {
        "type": "LineString",
        "coordinates": [
          [
            -84.423881,
            33.7625258
          ],
          [
            -84.4238741,
            33.7625732
          ],
          [
            -84.4237645,
            33.7625764
          ],
          [
            -84.423724,
            33.7626313
          ],
          [
            -84.4238109,
            33.76267
          ],
          [
            -84.4238584,
            33.7627171
          ],
          [
            -84.423996,
            33.7632554
          ],
          [
            -84.4240176,
            33.7633478
          ],
          [
            -84.4240363,
            33.7634114
          ]
        ]
      },
      "id": "way/1429902361"
    },
    {
      "type": "Feature",
      "properties": {
        "@id": "way/1431126387",
        "bicycle": "designated",
        "foot": "designated",
        "highway": "cycleway",
        "name": "Beltline Access Line",
        "segregated": "no"
      },
      "geometry": {
        "type": "LineString",
        "coordinates": [
          [
            -84.4022728,
            33.8110089
          ],
          [
            -84.4022599,
            33.8110943
          ],
          [
            -84.4022616,
            33.8112737
          ],
          [
            -84.4022662,
            33.8113606
          ],
          [
            -84.4022477,
            33.8114287
          ],
          [
            -84.402243,
            33.8114812
          ],
          [
            -84.4022119,
            33.8115134
          ],
          [
            -84.4021831,
            33.8115541
          ]
        ]
      },
      "id": "way/1431126387"
    },
    {
      "type": "Feature",
      "properties": {
        "@id": "way/1431126388",
        "bicycle": "designated",
        "foot": "designated",
        "highway": "cycleway",
        "name": "Beltline Access Line"
      },
      "geometry": {
        "type": "LineString",
        "coordinates": [
          [
            -84.3579123,
            33.7474921
          ],
          [
            -84.3579112,
            33.7475452
          ],
          [
            -84.3579212,
            33.7475743
          ],
          [
            -84.3579369,
            33.7475906
          ],
          [
            -84.3579601,
            33.7476084
          ],
          [
            -84.3579946,
            33.7476335
          ],
          [
            -84.358026,
            33.7476443
          ],
          [
            -84.3580526,
            33.7476534
          ],
          [
            -84.3580779,
            33.747661
          ]
        ]
      },
      "id": "way/1431126388"
    },
    {
      "type": "Feature",
      "properties": {
        "@id": "way/1431135521",
        "bicycle": "designated",
        "foot": "designated",
        "highway": "cycleway",
        "name": "Beltline Access Line"
      },
      "geometry": {
        "type": "LineString",
        "coordinates": [
          [
            -84.3652644,
            33.7557128
          ],
          [
            -84.3652087,
            33.7557084
          ],
          [
            -84.3651315,
            33.7557105
          ],
          [
            -84.3651167,
            33.7557143
          ],
          [
            -84.3650945,
            33.7557182
          ],
          [
            -84.3650783,
            33.7557235
          ],
          [
            -84.36505,
            33.7557326
          ],
          [
            -84.3650137,
            33.7557423
          ],
          [
            -84.3649726,
            33.7557425
          ],
          [
            -84.3649181,
            33.7557338
          ]
        ]
      },
      "id": "way/1431135521"
    },
    {
      "type": "Feature",
      "properties": {
        "@id": "way/1431135522",
        "bicycle": "designated",
        "foot": "designated",
        "highway": "cycleway",
        "name": "Beltline Access Line"
      },
      "geometry": {
        "type": "LineString",
        "coordinates": [
          [
            -84.361834,
            33.7611551
          ],
          [
            -84.3617462,
            33.7610869
          ],
          [
            -84.3617254,
            33.7610707
          ]
        ]
      },
      "id": "way/1431135522"
    },
    {
      "type": "Feature",
      "properties": {
        "@id": "way/1431135523",
        "bicycle": "designated",
        "foot": "designated",
        "highway": "cycleway",
        "name": "Beltline Access Line"
      },
      "geometry": {
        "type": "LineString",
        "coordinates": [
          [
            -84.3599525,
            33.7631644
          ],
          [
            -84.3599925,
            33.7631698
          ],
          [
            -84.3601152,
            33.7631773
          ],
          [
            -84.3601682,
            33.7631837
          ],
          [
            -84.3602494,
            33.7632012
          ]
        ]
      },
      "id": "way/1431135523"
    },
    {
      "type": "Feature",
      "properties": {
        "@id": "way/1431135524",
        "bicycle": "designated",
        "foot": "designated",
        "highway": "cycleway",
        "name": "Beltline Access Line"
      },
      "geometry": {
        "type": "LineString",
        "coordinates": [
          [
            -84.3598542,
            33.7634092
          ],
          [
            -84.35982,
            33.7634003
          ],
          [
            -84.3597848,
            33.7633916
          ],
          [
            -84.3597503,
            33.7633764
          ],
          [
            -84.3597307,
            33.7633577
          ],
          [
            -84.3597215,
            33.7633385
          ],
          [
            -84.359714,
            33.7633224
          ],
          [
            -84.3597335,
            33.7632906
          ],
          [
            -84.3598056,
            33.7632804
          ],
          [
            -84.359824,
            33.7632844
          ],
          [
            -84.3598462,
            33.7632892
          ],
          [
            -84.3598675,
            33.7632941
          ],
          [
            -84.3598959,
            33.7633022
          ]
        ]
      },
      "id": "way/1431135524"
    },
    {
      "type": "Feature",
      "properties": {
        "@id": "way/1431135525",
        "bicycle": "designated",
        "foot": "designated",
        "highway": "cycleway",
        "name": "Beltline Access Line"
      },
      "geometry": {
        "type": "LineString",
        "coordinates": [
          [
            -84.359714,
            33.7633224
          ],
          [
            -84.3596175,
            33.7633054
          ]
        ]
      },
      "id": "way/1431135525"
    },
    {
      "type": "Feature",
      "properties": {
        "@id": "way/1431135526",
        "bicycle": "designated",
        "check_date:surface": "2025-05-03",
        "foot": "designated",
        "highway": "cycleway",
        "name": "Beltline Access Line",
        "surface": "concrete"
      },
      "geometry": {
        "type": "LineString",
        "coordinates": [
          [
            -84.3597415,
            33.7658815
          ],
          [
            -84.359879,
            33.7658509
          ],
          [
            -84.3599493,
            33.7658464
          ],
          [
            -84.3600157,
            33.7658528
          ],
          [
            -84.3600557,
            33.7658684
          ],
          [
            -84.3600933,
            33.7658801
          ],
          [
            -84.3601393,
            33.765881
          ],
          [
            -84.3602082,
            33.7658799
          ],
          [
            -84.3602747,
            33.7659006
          ],
          [
            -84.3603412,
            33.765931
          ],
          [
            -84.3604293,
            33.7659365
          ],
          [
            -84.3605057,
            33.7659089
          ],
          [
            -84.3605456,
            33.7658606
          ],
          [
            -84.3605905,
            33.765815
          ],
          [
            -84.360637,
            33.7657707
          ],
          [
            -84.3606836,
            33.7657528
          ],
          [
            -84.3607434,
            33.7657583
          ]
        ]
      },
      "id": "way/1431135526"
    },
    {
      "type": "Feature",
      "properties": {
        "@id": "way/1431135527",
        "highway": "steps",
        "name": "Beltline Access Line"
      },
      "geometry": {
        "type": "LineString",
        "coordinates": [
          [
            -84.3618956,
            33.7685346
          ],
          [
            -84.3617593,
            33.768621
          ]
        ]
      },
      "id": "way/1431135527"
    },
    {
      "type": "Feature",
      "properties": {
        "@id": "way/1431135528",
        "bicycle": "designated",
        "foot": "designated",
        "highway": "cycleway",
        "name": "Beltline Access Line"
      },
      "geometry": {
        "type": "LineString",
        "coordinates": [
          [
            -84.4249165,
            33.7565806
          ],
          [
            -84.4248952,
            33.7566578
          ],
          [
            -84.4248829,
            33.7566916
          ],
          [
            -84.4248603,
            33.7567429
          ],
          [
            -84.4248292,
            33.7567516
          ],
          [
            -84.4247761,
            33.7567518
          ],
          [
            -84.4246942,
            33.7567501
          ],
          [
            -84.4246626,
            33.756748
          ],
          [
            -84.4246366,
            33.7567476
          ]
        ]
      },
      "id": "way/1431135528"
    },
    {
      "type": "Feature",
      "properties": {
        "@id": "way/1431135529",
        "bicycle": "designated",
        "foot": "designated",
        "highway": "cycleway",
        "name": "Beltline Access Line",
        "surface": "concrete"
      },
      "geometry": {
        "type": "LineString",
        "coordinates": [
          [
            -84.425081,
            33.7565779
          ],
          [
            -84.4249165,
            33.7565806
          ]
        ]
      },
      "id": "way/1431135529"
    },
    {
      "type": "Feature",
      "properties": {
        "@id": "way/1431135530",
        "highway": "steps",
        "name": "Beltline Access Line"
      },
      "geometry": {
        "type": "LineString",
        "coordinates": [
          [
            -84.3616492,
            33.7685219
          ],
          [
            -84.3616659,
            33.7685088
          ],
          [
            -84.3616903,
            33.7684918
          ],
          [
            -84.361705,
            33.7684785
          ],
          [
            -84.3614923,
            33.7682632
          ],
          [
            -84.3614334,
            33.7683069
          ]
        ]
      },
      "id": "way/1431135530"
    },
    {
      "type": "Feature",
      "properties": {
        "@id": "way/1431135531",
        "highway": "steps",
        "name": "Beltline Access Line"
      },
      "geometry": {
        "type": "LineString",
        "coordinates": [
          [
            -84.3614923,
            33.7682632
          ],
          [
            -84.3615654,
            33.7682075
          ]
        ]
      },
      "id": "way/1431135531"
    },
    {
      "type": "Feature",
      "properties": {
        "@id": "way/1431135532",
        "highway": "path",
        "informal": "yes",
        "name": "Beltline Access Line"
      },
      "geometry": {
        "type": "LineString",
        "coordinates": [
          [
            -84.3676542,
            33.7805834
          ],
          [
            -84.3676057,
            33.7806148
          ],
          [
            -84.3674505,
            33.7807151
          ]
        ]
      },
      "id": "way/1431135532"
    },
    {
      "type": "Feature",
      "properties": {
        "@id": "way/1431135533",
        "bicycle": "designated",
        "foot": "designated",
        "highway": "cycleway",
        "name": "Beltline Access Line"
      },
      "geometry": {
        "type": "LineString",
        "coordinates": [
          [
            -84.4036696,
            33.81005
          ],
          [
            -84.4035882,
            33.8100115
          ],
          [
            -84.4035405,
            33.8100062
          ],
          [
            -84.4034393,
            33.8100037
          ],
          [
            -84.4032424,
            33.8100143
          ]
        ]
      },
      "id": "way/1431135533"
    },
    {
      "type": "Feature",
      "properties": {
        "@id": "way/1431135534",
        "bicycle": "designated",
        "foot": "designated",
        "highway": "cycleway",
        "name": "Beltline Access Line"
      },
      "geometry": {
        "type": "LineString",
        "coordinates": [
          [
            -84.4033057,
            33.8093894
          ],
          [
            -84.4022704,
            33.80995
          ]
        ]
      },
      "id": "way/1431135534"
    },
    {
      "type": "Feature",
      "properties": {
        "@id": "way/1431135535",
        "bicycle": "designated",
        "foot": "designated",
        "highway": "cycleway",
        "name": "Beltline Access Line"
      },
      "geometry": {
        "type": "LineString",
        "coordinates": [
          [
            -84.403183,
            33.808663
          ],
          [
            -84.403003,
            33.8086573
          ],
          [
            -84.4028148,
            33.8086881
          ],
          [
            -84.4027374,
            33.8087159
          ]
        ]
      },
      "id": "way/1431135535"
    },
    {
      "type": "Feature",
      "properties": {
        "@id": "way/1431135536",
        "bicycle": "designated",
        "foot": "designated",
        "highway": "cycleway",
        "name": "Beltline Access Line"
      },
      "geometry": {
        "type": "LineString",
        "coordinates": [
          [
            -84.403028,
            33.807346
          ],
          [
            -84.4028038,
            33.8073664
          ],
          [
            -84.4025614,
            33.8074199
          ],
          [
            -84.4023344,
            33.8074799
          ],
          [
            -84.4021262,
            33.8075525
          ]
        ]
      },
      "id": "way/1431135536"
    },
    {
      "type": "Feature",
      "properties": {
        "@id": "way/1431135537",
        "bicycle": "designated",
        "foot": "designated",
        "highway": "cycleway",
        "name": "Beltline Access Line"
      },
      "geometry": {
        "type": "LineString",
        "coordinates": [
          [
            -84.4014339,
            33.8074166
          ],
          [
            -84.4012854,
            33.8074994
          ],
          [
            -84.4011944,
            33.8075624
          ],
          [
            -84.4011014,
            33.8076318
          ],
          [
            -84.4010139,
            33.8077
          ],
          [
            -84.4009664,
            33.8077431
          ],
          [
            -84.4008735,
            33.8078274
          ],
          [
            -84.4008315,
            33.8078646
          ],
          [
            -84.4007978,
            33.8078929
          ]
        ]
      },
      "id": "way/1431135537"
    },
    {
      "type": "Feature",
      "properties": {
        "@id": "way/1431140277",
        "bicycle": "designated",
        "foot": "designated",
        "highway": "cycleway",
        "name": "Beltline Access Line"
      },
      "geometry": {
        "type": "LineString",
        "coordinates": [
          [
            -84.4289485,
            33.747975
          ],
          [
            -84.4291285,
            33.7481051
          ]
        ]
      },
      "id": "way/1431140277"
    },
    {
      "type": "Feature",
      "properties": {
        "@id": "way/1431140278",
        "bicycle": "designated",
        "foot": "designated",
        "highway": "cycleway",
        "name": "Beltline Access Line"
      },
      "geometry": {
        "type": "LineString",
        "coordinates": [
          [
            -84.3575526,
            33.7496212
          ],
          [
            -84.3576681,
            33.7496521
          ]
        ]
      },
      "id": "way/1431140278"
    },
    {
      "type": "Feature",
      "properties": {
        "@id": "way/1431140279",
        "bicycle": "designated",
        "foot": "designated",
        "highway": "cycleway",
        "name": "Beltline Access Line"
      },
      "geometry": {
        "type": "LineString",
        "coordinates": [
          [
            -84.3653637,
            33.7539035
          ],
          [
            -84.3654915,
            33.7538243
          ]
        ]
      },
      "id": "way/1431140279"
    },
    {
      "type": "Feature",
      "properties": {
        "@id": "way/1431140280",
        "bicycle": "designated",
        "foot": "designated",
        "highway": "cycleway",
        "name": "Beltline Access Line"
      },
      "geometry": {
        "type": "LineString",
        "coordinates": [
          [
            -84.3649873,
            33.753426
          ],
          [
            -84.3650357,
            33.7533515
          ],
          [
            -84.3650542,
            33.7533356
          ]
        ]
      },
      "id": "way/1431140280"
    },
    {
      "type": "Feature",
      "properties": {
        "@id": "way/1431140281",
        "bicycle": "designated",
        "foot": "designated",
        "highway": "cycleway",
        "name": "Beltline Access Line"
      },
      "geometry": {
        "type": "LineString",
        "coordinates": [
          [
            -84.3652157,
            33.7559635
          ],
          [
            -84.3651285,
            33.7559649
          ]
        ]
      },
      "id": "way/1431140281"
    },
    {
      "type": "Feature",
      "properties": {
        "@id": "way/1431140282",
        "bicycle": "designated",
        "foot": "designated",
        "highway": "cycleway",
        "name": "Beltline Access Line"
      },
      "geometry": {
        "type": "LineString",
        "coordinates": [
          [
            -84.3640916,
            33.7593445
          ],
          [
            -84.3640178,
            33.7593135
          ]
        ]
      },
      "id": "way/1431140282"
    },
    {
      "type": "Feature",
      "properties": {
        "@id": "way/1431140283",
        "bicycle": "designated",
        "foot": "designated",
        "highway": "cycleway",
        "name": "Beltline Access Line"
      },
      "geometry": {
        "type": "LineString",
        "coordinates": [
          [
            -84.360534,
            33.7623064
          ],
          [
            -84.3604408,
            33.7622763
          ]
        ]
      },
      "id": "way/1431140283"
    },
    {
      "type": "Feature",
      "properties": {
        "@id": "way/1431140284",
        "bicycle": "designated",
        "foot": "designated",
        "highway": "cycleway",
        "name": "Beltline Access Line"
      },
      "geometry": {
        "type": "LineString",
        "coordinates": [
          [
            -84.3622564,
            33.752497
          ],
          [
            -84.3622587,
            33.752507
          ]
        ]
      },
      "id": "way/1431140284"
    },
    {
      "type": "Feature",
      "properties": {
        "@id": "way/1431140285",
        "bicycle": "designated",
        "foot": "designated",
        "highway": "cycleway",
        "name": "Beltline Access Line"
      },
      "geometry": {
        "type": "LineString",
        "coordinates": [
          [
            -84.3622294,
            33.7523846
          ],
          [
            -84.3622355,
            33.7524097
          ]
        ]
      },
      "id": "way/1431140285"
    },
    {
      "type": "Feature",
      "properties": {
        "@id": "way/1431140286",
        "bicycle": "designated",
        "foot": "designated",
        "highway": "cycleway",
        "name": "Beltline Access Line"
      },
      "geometry": {
        "type": "LineString",
        "coordinates": [
          [
            -84.3683611,
            33.7817981
          ],
          [
            -84.3683624,
            33.7818526
          ],
          [
            -84.3683508,
            33.781895
          ],
          [
            -84.3683194,
            33.781924
          ],
          [
            -84.3682815,
            33.7819529
          ],
          [
            -84.3682394,
            33.7819766
          ],
          [
            -84.3681872,
            33.7820145
          ],
          [
            -84.3681551,
            33.7820334
          ]
        ]
      },
      "id": "way/1431140286"
    },
    {
      "type": "Feature",
      "properties": {
        "@id": "way/1431140287",
        "bicycle": "designated",
        "foot": "designated",
        "highway": "cycleway",
        "motorcycle": "no",
        "name": "Beltline Access Line",
        "oneway": "no",
        "@relations": [
          {
            "role": "",
            "rel": 8408433,
            "reltags": {
              "name": "Atlanta Beltline Trail",
              "network": "lcn",
              "ref": "BELT",
              "route": "bicycle",
              "type": "route"
            }
          }
        ]
      },
      "geometry": {
        "type": "LineString",
        "coordinates": [
          [
            -84.4005031,
            33.8048937
          ],
          [
            -84.4004978,
            33.8047711
          ],
          [
            -84.4005253,
            33.8046367
          ],
          [
            -84.4005561,
            33.8045213
          ],
          [
            -84.4005872,
            33.8044184
          ]
        ]
      },
      "id": "way/1431140287"
    },
    {
      "type": "Feature",
      "properties": {
        "@id": "way/1431140288",
        "bicycle": "designated",
        "foot": "designated",
        "highway": "cycleway",
        "motorcycle": "no",
        "name": "Beltline Access Line",
        "oneway": "no",
        "surface": "concrete",
        "website": "https://beltline.org/trails/northside-trail/",
        "width": "3",
        "@relations": [
          {
            "role": "",
            "rel": 8408433,
            "reltags": {
              "name": "Atlanta Beltline Trail",
              "network": "lcn",
              "ref": "BELT",
              "route": "bicycle",
              "type": "route"
            }
          }
        ]
      },
      "geometry": {
        "type": "LineString",
        "coordinates": [
          [
            -84.3975601,
            33.8133741
          ],
          [
            -84.3975634,
            33.8132579
          ],
          [
            -84.3975683,
            33.8132169
          ],
          [
            -84.397584,
            33.813177
          ],
          [
            -84.3976238,
            33.8131156
          ],
          [
            -84.397665,
            33.813071
          ],
          [
            -84.3977352,
            33.8130098
          ],
          [
            -84.3978007,
            33.8129732
          ],
          [
            -84.3978633,
            33.812956
          ],
          [
            -84.397944,
            33.812947
          ]
        ]
      },
      "id": "way/1431140288"
    },
    {
      "type": "Feature",
      "properties": {
        "@id": "way/1432563046",
        "bicycle": "designated",
        "foot": "designated",
        "highway": "cycleway",
        "name": "Beltline Access Line",
        "surface": "concrete"
      },
      "geometry": {
        "type": "LineString",
        "coordinates": [
          [
            -84.4236049,
            33.7743842
          ],
          [
            -84.4236643,
            33.7742521
          ],
          [
            -84.4235197,
            33.7741048
          ],
          [
            -84.4234501,
            33.7739854
          ],
          [
            -84.4234686,
            33.7738916
          ],
          [
            -84.4236088,
            33.7736703
          ],
          [
            -84.4236604,
            33.7735994
          ],
          [
            -84.4236924,
            33.7735238
          ],
          [
            -84.4237201,
            33.7734554
          ],
          [
            -84.4237666,
            33.7733925
          ],
          [
            -84.4239087,
            33.7733265
          ],
          [
            -84.423989,
            33.773314
          ],
          [
            -84.4240628,
            33.7732907
          ],
          [
            -84.4242175,
            33.7732161
          ],
          [
            -84.4242953,
            33.7731138
          ]
        ]
      },
      "id": "way/1432563046"
    },
    {
      "type": "Feature",
      "properties": {
        "@id": "way/1432563047",
        "bicycle": "designated",
        "foot": "designated",
        "highway": "cycleway",
        "name": "Beltline Access Line",
        "surface": "concrete"
      },
      "geometry": {
        "type": "LineString",
        "coordinates": [
          [
            -84.4233134,
            33.7731604
          ],
          [
            -84.423344,
            33.7730978
          ],
          [
            -84.4235834,
            33.7730152
          ],
          [
            -84.4236488,
            33.7728918
          ],
          [
            -84.4236716,
            33.7726839
          ],
          [
            -84.4236857,
            33.7724985
          ],
          [
            -84.423717,
            33.7723768
          ],
          [
            -84.4237694,
            33.7723712
          ],
          [
            -84.4238031,
            33.7724
          ],
          [
            -84.4238047,
            33.7724765
          ],
          [
            -84.4237774,
            33.7726465
          ],
          [
            -84.4236804,
            33.7729023
          ],
          [
            -84.4238064,
            33.7728108
          ]
        ]
      },
      "id": "way/1432563047"
    },
    {
      "type": "Feature",
      "properties": {
        "@id": "way/1443731423",
        "highway": "proposed",
        "name": "Atlanta Beltline Northeast Trail Segment 3",
        "proposed": "cycleway"
      },
      "geometry": {
        "type": "LineString",
        "coordinates": [
          [
            -84.3773036,
            33.8096107
          ],
          [
            -84.3773092,
            33.8096576
          ],
          [
            -84.3774943,
            33.809695
          ],
          [
            -84.3777126,
            33.8097576
          ],
          [
            -84.3777662,
            33.8098298
          ],
          [
            -84.377724,
            33.8099507
          ],
          [
            -84.3772384,
            33.8105908
          ],
          [
            -84.3775813,
            33.8111659
          ],
          [
            -84.3766297,
            33.8124375
          ],
          [
            -84.3769294,
            33.8126532
          ],
          [
            -84.3773898,
            33.8126704
          ],
          [
            -84.3778254,
            33.812732
          ],
          [
            -84.3779892,
            33.8129554
          ],
          [
            -84.3780426,
            33.8143604
          ],
          [
            -84.3784039,
            33.8151822
          ],
          [
            -84.3786744,
            33.8151733
          ],
          [
            -84.3796352,
            33.8148658
          ]
        ]
      },
      "id": "way/1443731423"
    },
    {
      "type": "Feature",
      "properties": {
        "@id": "way/1447724481",
        "bicycle": "designated",
        "foot": "designated",
        "highway": "cycleway",
        "incline": "down",
        "name": "Atlanta Beltline Northwest Trail",
        "oneway": "no",
        "segregated": "no",
        "smoothness": "excellent",
        "surface": "concrete",
        "@relations": [
          {
            "role": "",
            "rel": 8408433,
            "reltags": {
              "name": "Atlanta Beltline Trail",
              "network": "lcn",
              "ref": "BELT",
              "route": "bicycle",
              "type": "route"
            }
          }
        ]
      },
      "geometry": {
        "type": "LineString",
        "coordinates": [
          [
            -84.428429,
            33.7885494
          ],
          [
            -84.4284492,
            33.7886504
          ],
          [
            -84.4284956,
            33.7888298
          ],
          [
            -84.4285861,
            33.7890712
          ],
          [
            -84.4286993,
            33.7892938
          ],
          [
            -84.4288728,
            33.7895979
          ],
          [
            -84.4290086,
            33.7898143
          ],
          [
            -84.4292878,
            33.7902782
          ],
          [
            -84.4294802,
            33.7905667
          ],
          [
            -84.4294437,
            33.7905975
          ],
          [
            -84.4293598,
            33.7906401
          ],
          [
            -84.4291708,
            33.7907798
          ],
          [
            -84.4283975,
            33.7911937
          ],
          [
            -84.4280731,
            33.7913912
          ],
          [
            -84.4277487,
            33.7916671
          ],
          [
            -84.4274884,
            33.7919523
          ],
          [
            -84.4273111,
            33.7922094
          ],
          [
            -84.4272696,
            33.7923003
          ],
          [
            -84.4271904,
            33.7923724
          ],
          [
            -84.4270471,
            33.792385
          ],
          [
            -84.4270617,
            33.7924502
          ],
          [
            -84.4270886,
            33.7925619
          ],
          [
            -84.4270998,
            33.7926585
          ],
          [
            -84.4271283,
            33.7927311
          ]
        ]
      },
      "id": "way/1447724481"
    },
    {
      "type": "Feature",
      "properties": {
        "@id": "way/1447802549",
        "bicycle": "designated",
        "foot": "designated",
        "highway": "cycleway",
        "name": "Atlanta Northwest Beltline Trail",
        "oneway": "no",
        "segregated": "no",
        "smoothness": "excellent",
        "surface": "concrete",
        "@relations": [
          {
            "role": "",
            "rel": 8408433,
            "reltags": {
              "name": "Atlanta Beltline Trail",
              "network": "lcn",
              "ref": "BELT",
              "route": "bicycle",
              "type": "route"
            }
          }
        ]
      },
      "geometry": {
        "type": "LineString",
        "coordinates": [
          [
            -84.4270471,
            33.792385
          ],
          [
            -84.4269535,
            33.7923786
          ],
          [
            -84.4268458,
            33.7923712
          ],
          [
            -84.4263577,
            33.7923622
          ],
          [
            -84.426304,
            33.7924247
          ],
          [
            -84.4262021,
            33.7924915
          ],
          [
            -84.4260948,
            33.792545
          ],
          [
            -84.4255959,
            33.792545
          ],
          [
            -84.4253652,
            33.7925673
          ],
          [
            -84.4251614,
            33.7925629
          ],
          [
            -84.4248127,
            33.7924425
          ],
          [
            -84.4244372,
            33.7923533
          ],
          [
            -84.4238417,
            33.7924068
          ],
          [
            -84.4232409,
            33.7923801
          ],
          [
            -84.4227742,
            33.7923979
          ],
          [
            -84.4222163,
            33.7924826
          ],
          [
            -84.422109,
            33.7924777
          ],
          [
            -84.4218891,
            33.7924737
          ],
          [
            -84.4217067,
            33.792389
          ],
          [
            -84.4215565,
            33.7922597
          ],
          [
            -84.4214643,
            33.7922556
          ],
          [
            -84.4214546,
            33.7922552
          ],
          [
            -84.4213526,
            33.7923087
          ],
          [
            -84.4212346,
            33.7924603
          ],
          [
            -84.4210737,
            33.7925094
          ],
          [
            -84.420945,
            33.7924603
          ],
          [
            -84.4208967,
            33.7923355
          ],
          [
            -84.4207411,
            33.7922017
          ],
          [
            -84.4206038,
            33.7921732
          ]
        ]
      },
      "id": "way/1447802549"
    },
    {
      "type": "Feature",
      "properties": {
        "@id": "way/1469037343",
        "bicycle": "designated",
        "footway": "sidewalk",
        "highway": "footway",
        "name": "Westside Beltline Connector",
        "surface": "concrete",
        "@relations": [
          {
            "role": "",
            "rel": 12321751,
            "reltags": {
              "name": "Westside Beltline Connector",
              "network": "lcn",
              "ref": "WSC",
              "route": "bicycle",
              "type": "route"
            }
          }
        ]
      },
      "geometry": {
        "type": "LineString",
        "coordinates": [
          [
            -84.4026803,
            33.7633527
          ],
          [
            -84.4026668,
            33.763346
          ]
        ]
      },
      "id": "way/1469037343"
    },
    {
      "type": "Feature",
      "properties": {
        "@id": "way/1469648823",
        "bicycle": "designated",
        "footway": "sidewalk",
        "highway": "footway",
        "name": "Westside Beltline Connector",
        "surface": "concrete",
        "@relations": [
          {
            "role": "",
            "rel": 12321751,
            "reltags": {
              "name": "Westside Beltline Connector",
              "network": "lcn",
              "ref": "WSC",
              "route": "bicycle",
              "type": "route"
            }
          }
        ]
      },
      "geometry": {
        "type": "LineString",
        "coordinates": [
          [
            -84.3973714,
            33.7640844
          ],
          [
            -84.3973633,
            33.7640914
          ]
        ]
      },
      "id": "way/1469648823"
    },
    {
      "type": "Feature",
      "properties": {
        "@id": "way/1498117442",
        "bicycle": "designated",
        "foot": "designated",
        "highway": "cycleway",
        "name": "Beltline Access Line",
        "surface": "concrete"
      },
      "geometry": {
        "type": "LineString",
        "coordinates": [
          [
            -84.4210957,
            33.7307387
          ],
          [
            -84.42103,
            33.7308464
          ],
          [
            -84.4209696,
            33.7308867
          ],
          [
            -84.4209321,
            33.7309331
          ]
        ]
      },
      "id": "way/1498117442"
    },
    {
      "type": "Feature",
      "properties": {
        "@id": "way/1531475461",
        "bicycle": "designated",
        "foot": "designated",
        "highway": "cycleway",
        "name": "Beltline access"
      },
      "geometry": {
        "type": "LineString",
        "coordinates": [
          [
            -84.3878647,
            33.7213216
          ],
          [
            -84.3879548,
            33.7212866
          ],
          [
            -84.3881167,
            33.7211869
          ],
          [
            -84.3883206,
            33.7211066
          ],
          [
            -84.3885588,
            33.7210561
          ],
          [
            -84.3887596,
            33.7210134
          ],
          [
            -84.3890149,
            33.7209577
          ],
          [
            -84.3892671,
            33.7208878
          ],
          [
            -84.3895426,
            33.7208464
          ],
          [
            -84.3896277,
            33.7208419
          ],
          [
            -84.389673,
            33.7208576
          ]
        ]
      },
      "id": "way/1531475461"
    }
  ]
}